comparison,score,global_auc,macro_slide_auc,min_slide_auc,valid_slides,positive_count,negative_count
tp_vs_background_far_fp,raw_margin,0.713235477705195,0.7423312228777437,0.6062125067426566,8,20226,17097
tp_vs_background_far_fp,prototype_margin,0.5273720406213322,0.5856934064138568,0.49440477435550156,8,20226,17097
tp_vs_background_far_fp,joint_score,0.7202343037624657,0.7479931875249539,0.6145951954144486,8,20226,17097
tp_vs_near_miss_fp,raw_margin,0.7283424791549838,0.7300658935021671,0.653730004879271,8,20226,3010
tp_vs_near_miss_fp,prototype_margin,0.3814625052521129,0.437505613559378,0.35910094437433443,8,20226,3010
tp_vs_near_miss_fp,joint_score,0.7119391244386932,0.7142579508386688,0.6345689757487043,8,20226,3010
tp_vs_all_fp,raw_margin,0.6975350417359151,0.7299884979409662,0.545290753893679,8,20226,30116
tp_vs_all_fp,prototype_margin,0.513793413055136,0.5581510397458431,0.4695249468367336,8,20226,30116
tp_vs_all_fp,joint_score,0.7018809563107032,0.730840308987085,0.5430840758465931,8,20226,30116
