label,images,gt,pred,tp,fp,fn,fn_no_candidate,fn_low_score_or_background,fn_localization_shift,fn_near_candidate_unmatched,fp_empty_image,fp_duplicate,fp_near_miss,fp_background_far,precision,recall,f1,pred_gt_ratio,alpha,threshold,total_eval_images,empty_images,skipped_empty_images,cell_to_background,background_to_cell,identity_max_abs,threshold_quantile
identity,199.0,36811.0,40633.0,29539.0,11094.0,7272.0,0.0,5622.0,1599.0,51.0,0.0,152.0,2539.0,8403.0,0.7269706888489651,0.8024503545135965,0.7628479933887712,1.1038276602102632,0.0,,200.0,1.0,1.0,0.0,0.0,0.0,
a0.05_q0.05,199.0,36811.0,40631.0,29539.0,11092.0,7272.0,0.0,5622.0,1599.0,51.0,0.0,152.0,2538.0,8402.0,0.7270064728901577,0.8024503545135965,0.7628676945326825,1.1037733286245959,0.05,-0.8383517265319824,200.0,1.0,1.0,2.0,0.0,0.0,0.05
a0.05_q0.1,199.0,36811.0,40627.0,29539.0,11088.0,7272.0,0.0,5622.0,1599.0,51.0,0.0,152.0,2538.0,8398.0,0.7270780515420779,0.8024503545135965,0.7629070998734472,1.1036646654532614,0.05,-0.5865287780761719,200.0,1.0,1.0,6.0,0.0,0.0,0.1
a0.05_q0.2,199.0,36811.0,40614.0,29535.0,11079.0,7276.0,0.0,5626.0,1599.0,51.0,0.0,152.0,2538.0,8389.0,0.7272122913281135,0.8023416913422619,0.7629318695511786,1.1033115101464237,0.05,-0.18563628196716309,200.0,1.0,1.0,19.0,0.0,0.0,0.2
a0.05_q0.3,199.0,36811.0,40584.0,29527.0,11057.0,7284.0,0.0,5632.0,1601.0,51.0,0.0,152.0,2538.0,8367.0,0.7275527301399566,0.8021243649995925,0.7630208669810711,1.1024965363614136,0.05,0.17833614349365234,200.0,1.0,1.0,49.0,0.0,0.0,0.3
a0.05_q0.4,199.0,36811.0,40553.0,29519.0,11034.0,7292.0,0.0,5640.0,1601.0,51.0,0.0,152.0,2537.0,8345.0,0.7279116218282248,0.8019070386569233,0.7631197973217517,1.1016543967835701,0.05,0.5289003849029541,200.0,1.0,1.0,80.0,0.0,0.0,0.4
a0.05_q0.5,199.0,36811.0,40497.0,29494.0,11003.0,7317.0,0.0,5665.0,1601.0,51.0,0.0,152.0,2536.0,8315.0,0.7283008617922315,0.8012278938360816,0.7630258188027111,1.100133112384885,0.05,0.8888030052185059,200.0,1.0,1.0,136.0,0.0,0.0,0.5
a0.1_q0.05,199.0,36811.0,40627.0,29537.0,11090.0,7274.0,0.0,5624.0,1599.0,51.0,0.0,152.0,2538.0,8400.0,0.7270288231963965,0.8023960229279291,0.76285544564684,1.1036646654532614,0.1,-0.8383517265319824,200.0,1.0,1.0,6.0,0.0,0.0,0.05
a0.1_q0.1,199.0,36811.0,40617.0,29534.0,11083.0,7277.0,0.0,5627.0,1599.0,51.0,0.0,152.0,2538.0,8393.0,0.7271339586872492,0.8023145255494282,0.7628764787932014,1.1033930075249245,0.1,-0.5865287780761719,200.0,1.0,1.0,16.0,0.0,0.0,0.1
a0.1_q0.2,199.0,36811.0,40583.0,29525.0,11058.0,7286.0,0.0,5635.0,1600.0,51.0,0.0,152.0,2538.0,8368.0,0.727521375945593,0.8020700334139251,0.7629790423030207,1.10246937056858,0.1,-0.18563628196716309,200.0,1.0,1.0,50.0,0.0,0.0,0.2
a0.1_q0.3,199.0,36811.0,40532.0,29503.0,11029.0,7308.0,0.0,5657.0,1600.0,51.0,0.0,152.0,2537.0,8340.0,0.7278940096713707,0.8014723859715845,0.7629132565325886,1.1010839151340632,0.1,0.17833614349365234,200.0,1.0,1.0,101.0,0.0,0.0,0.3
a0.1_q0.4,199.0,36811.0,40448.0,29476.0,10972.0,7335.0,0.0,5685.0,1599.0,51.0,0.0,152.0,2536.0,8284.0,0.7287381329113924,0.8007389095650757,0.7630437877787701,1.0988019885360354,0.1,0.5289003849029541,200.0,1.0,1.0,185.0,0.0,0.0,0.4
a0.1_q0.5,199.0,36811.0,40321.0,29429.0,10892.0,7382.0,0.0,5733.0,1598.0,51.0,0.0,152.0,2530.0,8210.0,0.7298678108181841,0.7994621173018934,0.7630814707255096,1.09535193284616,0.1,0.8888030052185059,200.0,1.0,1.0,312.0,0.0,0.0,0.5
a0.2_q0.05,199.0,36811.0,40619.0,29533.0,11086.0,7278.0,0.0,5628.0,1599.0,51.0,0.0,152.0,2538.0,8396.0,0.7270735370146976,0.8022873597565945,0.7628309440785226,1.103447339110592,0.2,-0.8383517265319824,200.0,1.0,1.0,14.0,0.0,0.0,0.05
a0.2_q0.1,199.0,36811.0,40594.0,29522.0,11072.0,7289.0,0.0,5639.0,1599.0,51.0,0.0,152.0,2538.0,8382.0,0.7272503325614623,0.8019885360354242,0.7627931012208514,1.1027681942897503,0.2,-0.5865287780761719,200.0,1.0,1.0,39.0,0.0,0.0,0.1
a0.2_q0.2,199.0,36811.0,40531.0,29498.0,11033.0,7313.0,0.0,5663.0,1599.0,51.0,0.0,152.0,2536.0,8345.0,0.7277886062520046,0.8013365570074162,0.7627938248299759,1.1010567493412295,0.2,-0.18563628196716309,200.0,1.0,1.0,102.0,0.0,0.0,0.2
a0.2_q0.3,199.0,36811.0,40406.0,29453.0,10953.0,7358.0,0.0,5706.0,1601.0,51.0,0.0,152.0,2534.0,8267.0,0.7289263970697422,0.8001140963299014,0.7628631000945388,1.0976610252370216,0.2,0.17833614349365234,200.0,1.0,1.0,227.0,0.0,0.0,0.3
a0.2_q0.4,199.0,36811.0,40227.0,29384.0,10843.0,7427.0,0.0,5773.0,1603.0,51.0,0.0,151.0,2528.0,8164.0,0.7304546697491734,0.7982396566243786,0.7628443105999636,1.0927983483197956,0.2,0.5289003849029541,200.0,1.0,1.0,408.0,0.0,0.0,0.4
a0.2_q0.5,199.0,36811.0,39915.0,29260.0,10655.0,7551.0,0.0,5888.0,1612.0,51.0,0.0,151.0,2520.0,7984.0,0.733057747713892,0.7948710983130043,0.7627140734561947,1.0843226209556927,0.2,0.8888030052185059,200.0,1.0,1.0,726.0,0.0,0.0,0.5
a0.3_q0.05,199.0,36811.0,40606.0,29526.0,11080.0,7285.0,0.0,5635.0,1599.0,51.0,0.0,152.0,2538.0,8390.0,0.7271339210954046,0.8020971992067588,0.7627782011702855,1.1030941838037542,0.3,-0.8383517265319824,200.0,1.0,1.0,27.0,0.0,0.0,0.05
a0.3_q0.1,199.0,36811.0,40575.0,29514.0,11061.0,7297.0,0.0,5647.0,1599.0,51.0,0.0,152.0,2537.0,8372.0,0.7273937153419593,0.8017712096927548,0.7627736283048614,1.1022520442259107,0.3,-0.5865287780761719,200.0,1.0,1.0,58.0,0.0,0.0,0.1
a0.3_q0.2,199.0,36811.0,40473.0,29476.0,10997.0,7335.0,0.0,5683.0,1601.0,51.0,0.0,152.0,2536.0,8309.0,0.7282879944654461,0.8007389095650757,0.762796956679261,1.099481133356877,0.3,-0.18563628196716309,200.0,1.0,1.0,161.0,0.0,0.0,0.2
a0.3_q0.3,199.0,36811.0,40264.0,29401.0,10863.0,7410.0,0.0,5757.0,1602.0,51.0,0.0,151.0,2531.0,8181.0,0.7302056427577985,0.7987014751025509,0.7629192345118391,1.0938034826546412,0.3,0.17833614349365234,200.0,1.0,1.0,371.0,0.0,0.0,0.3
a0.3_q0.4,199.0,36811.0,39907.0,29250.0,10657.0,7561.0,0.0,5904.0,1606.0,51.0,0.0,151.0,2517.0,7989.0,0.7329541183251058,0.7945994403846677,0.7625329127453792,1.0841052946130232,0.3,0.5289003849029541,200.0,1.0,1.0,733.0,0.0,0.0,0.4
a0.3_q0.5,199.0,36811.0,39373.0,29050.0,10323.0,7761.0,0.0,6095.0,1615.0,51.0,0.0,149.0,2491.0,7683.0,0.7378152541081452,0.7891662818179349,0.7626273233224824,1.0695987612398468,0.3,0.8888030052185059,200.0,1.0,1.0,1273.0,0.0,0.0,0.5
