label,alpha,threshold,dataset_index,slide_group,image,gt,pred,tp,fp,fn,fp_background_far,fn_low_score_or_background
identity,0.0,0.5289003849029541,0,2022-06-28_11_11_09.kfb,2022-06-28_11_11_09.kfb_1000.jpg,61,170,51,119,10,109,7
identity,0.0,0.5289003849029541,365,2022-06-28_11_14_35.kfb,2022-06-28_11_14_35.kfb_351.jpg,220,229,158,71,62,51,42
identity,0.0,0.5289003849029541,368,2022-06-28_11_15_54.kfb,2022-06-28_11_15_54.kfb_264.jpg,418,449,307,142,111,92,65
identity,0.0,0.5289003849029541,370,2022-06-28_11_16_48.kfb,2022-06-28_11_16_48.kfb_350.jpg,324,339,269,70,55,59,39
identity,0.0,0.5289003849029541,371,2022-06-28_11_18_14.kfb,2022-06-28_11_18_14.kfb_1002.jpg,53,86,47,39,6,34,4
identity,0.0,0.5289003849029541,682,2022-06-28_11_20_39.kfb,2022-06-28_11_20_39.kfb_1011.jpg,114,189,90,99,24,90,18
identity,0.0,0.5289003849029541,1169,2022-06-28_11_21_44.kfb,2022-06-28_11_21_44.kfb_1002.jpg,115,205,104,101,11,89,10
identity,0.0,0.5289003849029541,1,2022-06-28_11_11_09.kfb,2022-06-28_11_11_09.kfb_1019.jpg,24,93,20,73,4,67,1
identity,0.0,0.5289003849029541,366,2022-06-28_11_14_35.kfb,2022-06-28_11_14_35.kfb_428.jpg,263,225,177,48,86,36,70
identity,0.0,0.5289003849029541,369,2022-06-28_11_15_54.kfb,2022-06-28_11_15_54.kfb_466.jpg,235,198,146,52,89,33,72
identity,0.0,0.5289003849029541,372,2022-06-28_11_18_14.kfb,2022-06-28_11_18_14.kfb_1006.jpg,78,97,64,33,14,27,9
identity,0.0,0.5289003849029541,683,2022-06-28_11_20_39.kfb,2022-06-28_11_20_39.kfb_1012.jpg,140,259,110,149,30,133,18
identity,0.0,0.5289003849029541,1170,2022-06-28_11_21_44.kfb,2022-06-28_11_21_44.kfb_1009.jpg,137,247,111,136,26,121,23
identity,0.0,0.5289003849029541,2,2022-06-28_11_11_09.kfb,2022-06-28_11_11_09.kfb_1022.jpg,13,53,11,42,2,41,2
identity,0.0,0.5289003849029541,367,2022-06-28_11_14_35.kfb,2022-06-28_11_14_35.kfb_756.jpg,122,124,73,51,49,44,42
identity,0.0,0.5289003849029541,373,2022-06-28_11_18_14.kfb,2022-06-28_11_18_14.kfb_1011.jpg,65,94,55,39,10,28,6
identity,0.0,0.5289003849029541,684,2022-06-28_11_20_39.kfb,2022-06-28_11_20_39.kfb_1014.jpg,84,243,74,169,10,158,8
identity,0.0,0.5289003849029541,1171,2022-06-28_11_21_44.kfb,2022-06-28_11_21_44.kfb_102.jpg,186,273,153,120,33,103,25
identity,0.0,0.5289003849029541,3,2022-06-28_11_11_09.kfb,2022-06-28_11_11_09.kfb_1029.jpg,19,131,18,113,1,109,0
identity,0.0,0.5289003849029541,374,2022-06-28_11_18_14.kfb,2022-06-28_11_18_14.kfb_1039.jpg,72,113,59,54,13,46,10
identity,0.0,0.5289003849029541,685,2022-06-28_11_20_39.kfb,2022-06-28_11_20_39.kfb_1015.jpg,183,365,147,218,36,191,26
identity,0.0,0.5289003849029541,1172,2022-06-28_11_21_44.kfb,2022-06-28_11_21_44.kfb_1021.jpg,202,351,172,179,30,147,20
identity,0.0,0.5289003849029541,4,2022-06-28_11_11_09.kfb,2022-06-28_11_11_09.kfb_1052.jpg,142,269,124,145,18,123,12
identity,0.0,0.5289003849029541,375,2022-06-28_11_18_14.kfb,2022-06-28_11_18_14.kfb_1046.jpg,22,60,17,43,5,41,2
identity,0.0,0.5289003849029541,686,2022-06-28_11_20_39.kfb,2022-06-28_11_20_39.kfb_1017.jpg,198,258,132,126,66,110,47
identity,0.0,0.5289003849029541,1173,2022-06-28_11_21_44.kfb,2022-06-28_11_21_44.kfb_1023.jpg,211,342,179,163,32,129,22
identity,0.0,0.5289003849029541,5,2022-06-28_11_11_09.kfb,2022-06-28_11_11_09.kfb_1058.jpg,122,287,106,181,16,165,12
identity,0.0,0.5289003849029541,301,2022-06-28_11_12_06.kfb,2022-06-28_11_12_06.kfb_1226.jpg,655,444,363,81,292,57,223
identity,0.0,0.5289003849029541,376,2022-06-28_11_18_14.kfb,2022-06-28_11_18_14.kfb_1049.jpg,36,103,32,71,4,64,3
identity,0.0,0.5289003849029541,687,2022-06-28_11_20_39.kfb,2022-06-28_11_20_39.kfb_1020.jpg,251,390,205,185,46,161,36
identity,0.0,0.5289003849029541,1174,2022-06-28_11_21_44.kfb,2022-06-28_11_21_44.kfb_1036.jpg,325,534,259,275,66,213,35
identity,0.0,0.5289003849029541,6,2022-06-28_11_11_09.kfb,2022-06-28_11_11_09.kfb_1059.jpg,174,366,142,224,32,201,16
identity,0.0,0.5289003849029541,377,2022-06-28_11_18_14.kfb,2022-06-28_11_18_14.kfb_1052.jpg,44,113,39,74,5,70,2
identity,0.0,0.5289003849029541,688,2022-06-28_11_20_39.kfb,2022-06-28_11_20_39.kfb_1022.jpg,181,369,148,221,33,197,20
identity,0.0,0.5289003849029541,1175,2022-06-28_11_21_44.kfb,2022-06-28_11_21_44.kfb_105.jpg,343,446,272,174,71,136,51
identity,0.0,0.5289003849029541,7,2022-06-28_11_11_09.kfb,2022-06-28_11_11_09.kfb_1063.jpg,80,212,72,140,8,125,8
identity,0.0,0.5289003849029541,303,2022-06-28_11_12_06.kfb,2022-06-28_11_12_06.kfb_1274.jpg,111,136,78,58,33,47,28
identity,0.0,0.5289003849029541,378,2022-06-28_11_18_14.kfb,2022-06-28_11_18_14.kfb_1080.jpg,133,225,110,115,23,102,13
identity,0.0,0.5289003849029541,689,2022-06-28_11_20_39.kfb,2022-06-28_11_20_39.kfb_1027.jpg,407,388,264,124,143,98,105
identity,0.0,0.5289003849029541,1176,2022-06-28_11_21_44.kfb,2022-06-28_11_21_44.kfb_1053.jpg,239,471,186,285,53,237,27
identity,0.0,0.5289003849029541,8,2022-06-28_11_11_09.kfb,2022-06-28_11_11_09.kfb_1064.jpg,77,195,67,128,10,120,5
identity,0.0,0.5289003849029541,304,2022-06-28_11_12_06.kfb,2022-06-28_11_12_06.kfb_1315.jpg,358,394,279,115,79,95,59
identity,0.0,0.5289003849029541,379,2022-06-28_11_18_14.kfb,2022-06-28_11_18_14.kfb_1084.jpg,160,174,143,31,17,20,15
identity,0.0,0.5289003849029541,690,2022-06-28_11_20_39.kfb,2022-06-28_11_20_39.kfb_1029.jpg,349,446,284,162,65,124,44
identity,0.0,0.5289003849029541,1177,2022-06-28_11_21_44.kfb,2022-06-28_11_21_44.kfb_106.jpg,259,349,210,139,49,108,39
identity,0.0,0.5289003849029541,9,2022-06-28_11_11_09.kfb,2022-06-28_11_11_09.kfb_1092.jpg,9,73,9,64,0,60,0
identity,0.0,0.5289003849029541,380,2022-06-28_11_18_14.kfb,2022-06-28_11_18_14.kfb_1086.jpg,88,126,77,49,11,40,8
identity,0.0,0.5289003849029541,691,2022-06-28_11_20_39.kfb,2022-06-28_11_20_39.kfb_1034.jpg,163,251,133,118,30,101,23
identity,0.0,0.5289003849029541,1178,2022-06-28_11_21_44.kfb,2022-06-28_11_21_44.kfb_1062.jpg,136,246,113,133,23,109,16
identity,0.0,0.5289003849029541,10,2022-06-28_11_11_09.kfb,2022-06-28_11_11_09.kfb_1120.jpg,25,97,22,75,3,72,2
identity,0.0,0.5289003849029541,306,2022-06-28_11_12_06.kfb,2022-06-28_11_12_06.kfb_1454.jpg,132,85,56,29,76,25,71
identity,0.0,0.5289003849029541,381,2022-06-28_11_18_14.kfb,2022-06-28_11_18_14.kfb_1087.jpg,99,128,78,50,21,44,17
identity,0.0,0.5289003849029541,692,2022-06-28_11_20_39.kfb,2022-06-28_11_20_39.kfb_1035.jpg,148,315,126,189,22,160,14
identity,0.0,0.5289003849029541,1179,2022-06-28_11_21_44.kfb,2022-06-28_11_21_44.kfb_1063.jpg,172,262,129,133,43,121,28
identity,0.0,0.5289003849029541,11,2022-06-28_11_11_09.kfb,2022-06-28_11_11_09.kfb_1123.jpg,114,252,96,156,18,136,12
identity,0.0,0.5289003849029541,382,2022-06-28_11_18_14.kfb,2022-06-28_11_18_14.kfb_1089.jpg,18,44,17,27,1,25,0
identity,0.0,0.5289003849029541,693,2022-06-28_11_20_39.kfb,2022-06-28_11_20_39.kfb_1039.jpg,169,292,131,161,38,141,25
identity,0.0,0.5289003849029541,1180,2022-06-28_11_21_44.kfb,2022-06-28_11_21_44.kfb_1066.jpg,159,247,131,116,28,92,13
identity,0.0,0.5289003849029541,12,2022-06-28_11_11_09.kfb,2022-06-28_11_11_09.kfb_1127.jpg,81,262,66,196,15,171,11
identity,0.0,0.5289003849029541,383,2022-06-28_11_18_14.kfb,2022-06-28_11_18_14.kfb_1092.jpg,20,27,12,15,8,14,7
identity,0.0,0.5289003849029541,694,2022-06-28_11_20_39.kfb,2022-06-28_11_20_39.kfb_1045.jpg,435,539,336,203,99,144,61
identity,0.0,0.5289003849029541,1181,2022-06-28_11_21_44.kfb,2022-06-28_11_21_44.kfb_1068.jpg,96,160,63,97,33,83,28
identity,0.0,0.5289003849029541,13,2022-06-28_11_11_09.kfb,2022-06-28_11_11_09.kfb_1129.jpg,137,240,114,126,23,111,15
identity,0.0,0.5289003849029541,384,2022-06-28_11_18_14.kfb,2022-06-28_11_18_14.kfb_1124.jpg,15,38,15,23,0,20,0
identity,0.0,0.5289003849029541,695,2022-06-28_11_20_39.kfb,2022-06-28_11_20_39.kfb_1046.jpg,163,275,135,140,28,103,21
identity,0.0,0.5289003849029541,1182,2022-06-28_11_21_44.kfb,2022-06-28_11_21_44.kfb_1074.jpg,376,552,293,259,83,197,52
identity,0.0,0.5289003849029541,14,2022-06-28_11_11_09.kfb,2022-06-28_11_11_09.kfb_1130.jpg,125,247,105,142,20,125,13
identity,0.0,0.5289003849029541,310,2022-06-28_11_12_06.kfb,2022-06-28_11_12_06.kfb_1546.jpg,194,192,122,70,72,65,61
identity,0.0,0.5289003849029541,385,2022-06-28_11_18_14.kfb,2022-06-28_11_18_14.kfb_1130.jpg,6,36,6,30,0,30,0
identity,0.0,0.5289003849029541,696,2022-06-28_11_20_39.kfb,2022-06-28_11_20_39.kfb_1052.jpg,139,276,116,160,23,142,18
identity,0.0,0.5289003849029541,1183,2022-06-28_11_21_44.kfb,2022-06-28_11_21_44.kfb_1077.jpg,599,635,438,197,161,136,112
identity,0.0,0.5289003849029541,15,2022-06-28_11_11_09.kfb,2022-06-28_11_11_09.kfb_1131.jpg,61,203,49,154,12,144,9
identity,0.0,0.5289003849029541,386,2022-06-28_11_18_14.kfb,2022-06-28_11_18_14.kfb_1132.jpg,80,153,66,87,14,79,12
identity,0.0,0.5289003849029541,697,2022-06-28_11_20_39.kfb,2022-06-28_11_20_39.kfb_1054.jpg,298,363,204,159,94,132,70
identity,0.0,0.5289003849029541,1184,2022-06-28_11_21_44.kfb,2022-06-28_11_21_44.kfb_1079.jpg,150,255,118,137,32,118,26
identity,0.0,0.5289003849029541,16,2022-06-28_11_11_09.kfb,2022-06-28_11_11_09.kfb_1133.jpg,55,195,52,143,3,130,3
identity,0.0,0.5289003849029541,387,2022-06-28_11_18_14.kfb,2022-06-28_11_18_14.kfb_1134.jpg,38,90,31,59,7,53,7
identity,0.0,0.5289003849029541,698,2022-06-28_11_20_39.kfb,2022-06-28_11_20_39.kfb_1057.jpg,289,389,224,165,65,139,45
identity,0.0,0.5289003849029541,1185,2022-06-28_11_21_44.kfb,2022-06-28_11_21_44.kfb_1080.jpg,141,237,114,123,27,99,15
identity,0.0,0.5289003849029541,17,2022-06-28_11_11_09.kfb,2022-06-28_11_11_09.kfb_1136.jpg,34,113,29,84,5,82,4
identity,0.0,0.5289003849029541,388,2022-06-28_11_18_14.kfb,2022-06-28_11_18_14.kfb_1161.jpg,23,47,17,30,6,28,3
identity,0.0,0.5289003849029541,699,2022-06-28_11_20_39.kfb,2022-06-28_11_20_39.kfb_1062.jpg,49,146,41,105,8,89,2
identity,0.0,0.5289003849029541,1186,2022-06-28_11_21_44.kfb,2022-06-28_11_21_44.kfb_1081.jpg,168,229,133,96,35,83,31
identity,0.0,0.5289003849029541,18,2022-06-28_11_11_09.kfb,2022-06-28_11_11_09.kfb_1137.jpg,23,135,20,115,3,109,2
identity,0.0,0.5289003849029541,389,2022-06-28_11_18_14.kfb,2022-06-28_11_18_14.kfb_1163.jpg,34,81,31,50,3,44,3
identity,0.0,0.5289003849029541,700,2022-06-28_11_20_39.kfb,2022-06-28_11_20_39.kfb_1071.jpg,159,364,143,221,16,187,12
identity,0.0,0.5289003849029541,1187,2022-06-28_11_21_44.kfb,2022-06-28_11_21_44.kfb_1087.jpg,212,320,178,142,34,117,23
identity,0.0,0.5289003849029541,19,2022-06-28_11_11_09.kfb,2022-06-28_11_11_09.kfb_1193.jpg,91,213,80,133,11,115,7
identity,0.0,0.5289003849029541,390,2022-06-28_11_18_14.kfb,2022-06-28_11_18_14.kfb_1167.jpg,75,120,61,59,14,49,11
identity,0.0,0.5289003849029541,701,2022-06-28_11_20_39.kfb,2022-06-28_11_20_39.kfb_1073.jpg,163,292,132,160,31,140,14
identity,0.0,0.5289003849029541,1188,2022-06-28_11_21_44.kfb,2022-06-28_11_21_44.kfb_1088.jpg,290,374,193,181,97,139,76
identity,0.0,0.5289003849029541,20,2022-06-28_11_11_09.kfb,2022-06-28_11_11_09.kfb_1195.jpg,59,197,53,144,6,140,3
identity,0.0,0.5289003849029541,316,2022-06-28_11_12_06.kfb,2022-06-28_11_12_06.kfb_1853.jpg,465,252,201,51,264,45,237
identity,0.0,0.5289003849029541,391,2022-06-28_11_18_14.kfb,2022-06-28_11_18_14.kfb_1204.jpg,64,118,56,62,8,47,6
identity,0.0,0.5289003849029541,702,2022-06-28_11_20_39.kfb,2022-06-28_11_20_39.kfb_1085.jpg,72,182,57,125,15,109,8
identity,0.0,0.5289003849029541,1189,2022-06-28_11_21_44.kfb,2022-06-28_11_21_44.kfb_1100.jpg,193,308,171,137,22,114,16
identity,0.0,0.5289003849029541,21,2022-06-28_11_11_09.kfb,2022-06-28_11_11_09.kfb_1196.jpg,73,230,64,166,9,153,6
identity,0.0,0.5289003849029541,392,2022-06-28_11_18_14.kfb,2022-06-28_11_18_14.kfb_1209.jpg,55,104,45,59,10,50,6
identity,0.0,0.5289003849029541,703,2022-06-28_11_20_39.kfb,2022-06-28_11_20_39.kfb_1087.jpg,50,116,45,71,5,63,4
identity,0.0,0.5289003849029541,1190,2022-06-28_11_21_44.kfb,2022-06-28_11_21_44.kfb_1101.jpg,266,381,211,170,55,123,31
identity,0.0,0.5289003849029541,22,2022-06-28_11_11_09.kfb,2022-06-28_11_11_09.kfb_1213.jpg,14,85,11,74,3,73,3
identity,0.0,0.5289003849029541,393,2022-06-28_11_18_14.kfb,2022-06-28_11_18_14.kfb_1211.jpg,48,108,32,76,16,73,12
identity,0.0,0.5289003849029541,704,2022-06-28_11_20_39.kfb,2022-06-28_11_20_39.kfb_1088.jpg,18,46,15,31,3,29,2
identity,0.0,0.5289003849029541,1191,2022-06-28_11_21_44.kfb,2022-06-28_11_21_44.kfb_1103.jpg,139,257,119,138,20,108,12
identity,0.0,0.5289003849029541,23,2022-06-28_11_11_09.kfb,2022-06-28_11_11_09.kfb_1227.jpg,31,80,25,55,6,52,2
identity,0.0,0.5289003849029541,394,2022-06-28_11_18_14.kfb,2022-06-28_11_18_14.kfb_1212.jpg,18,68,16,52,2,50,2
identity,0.0,0.5289003849029541,705,2022-06-28_11_20_39.kfb,2022-06-28_11_20_39.kfb_1090.jpg,138,229,109,120,29,90,22
identity,0.0,0.5289003849029541,1192,2022-06-28_11_21_44.kfb,2022-06-28_11_21_44.kfb_1104.jpg,105,197,88,109,17,97,13
identity,0.0,0.5289003849029541,24,2022-06-28_11_11_09.kfb,2022-06-28_11_11_09.kfb_1257.jpg,214,310,162,148,52,120,40
identity,0.0,0.5289003849029541,395,2022-06-28_11_18_14.kfb,2022-06-28_11_18_14.kfb_1213.jpg,36,84,32,52,4,46,4
identity,0.0,0.5289003849029541,706,2022-06-28_11_20_39.kfb,2022-06-28_11_20_39.kfb_1115.jpg,253,377,193,184,60,149,47
identity,0.0,0.5289003849029541,1193,2022-06-28_11_21_44.kfb,2022-06-28_11_21_44.kfb_1106.jpg,168,241,129,112,39,88,30
identity,0.0,0.5289003849029541,25,2022-06-28_11_11_09.kfb,2022-06-28_11_11_09.kfb_1264.jpg,329,433,235,198,94,162,64
identity,0.0,0.5289003849029541,396,2022-06-28_11_18_14.kfb,2022-06-28_11_18_14.kfb_1215.jpg,33,82,29,53,4,44,2
identity,0.0,0.5289003849029541,707,2022-06-28_11_20_39.kfb,2022-06-28_11_20_39.kfb_1116.jpg,151,272,117,155,34,139,26
identity,0.0,0.5289003849029541,1194,2022-06-28_11_21_44.kfb,2022-06-28_11_21_44.kfb_1110.jpg,220,341,182,159,38,128,25
identity,0.0,0.5289003849029541,26,2022-06-28_11_11_09.kfb,2022-06-28_11_11_09.kfb_1267.jpg,181,316,157,159,24,125,17
identity,0.0,0.5289003849029541,397,2022-06-28_11_18_14.kfb,2022-06-28_11_18_14.kfb_1216.jpg,20,58,20,38,0,38,0
identity,0.0,0.5289003849029541,708,2022-06-28_11_20_39.kfb,2022-06-28_11_20_39.kfb_1117.jpg,188,340,161,179,27,144,16
identity,0.0,0.5289003849029541,1195,2022-06-28_11_21_44.kfb,2022-06-28_11_21_44.kfb_1116.jpg,278,358,199,159,79,126,51
identity,0.0,0.5289003849029541,27,2022-06-28_11_11_09.kfb,2022-06-28_11_11_09.kfb_1270.jpg,68,161,58,103,10,86,6
identity,0.0,0.5289003849029541,398,2022-06-28_11_18_14.kfb,2022-06-28_11_18_14.kfb_1256.jpg,61,94,43,51,18,46,15
identity,0.0,0.5289003849029541,709,2022-06-28_11_20_39.kfb,2022-06-28_11_20_39.kfb_1118.jpg,231,413,193,220,38,178,30
identity,0.0,0.5289003849029541,1196,2022-06-28_11_21_44.kfb,2022-06-28_11_21_44.kfb_1121.jpg,406,466,308,158,98,118,70
identity,0.0,0.5289003849029541,28,2022-06-28_11_11_09.kfb,2022-06-28_11_11_09.kfb_1271.jpg,152,283,130,153,22,136,18
identity,0.0,0.5289003849029541,399,2022-06-28_11_18_14.kfb,2022-06-28_11_18_14.kfb_1257.jpg,54,84,43,41,11,36,7
identity,0.0,0.5289003849029541,710,2022-06-28_11_20_39.kfb,2022-06-28_11_20_39.kfb_1119.jpg,175,348,141,207,34,181,28
identity,0.0,0.5289003849029541,1197,2022-06-28_11_21_44.kfb,2022-06-28_11_21_44.kfb_1125.jpg,350,534,282,252,68,190,45
identity,0.0,0.5289003849029541,29,2022-06-28_11_11_09.kfb,2022-06-28_11_11_09.kfb_1272.jpg,161,272,124,148,37,125,26
identity,0.0,0.5289003849029541,400,2022-06-28_11_18_14.kfb,2022-06-28_11_18_14.kfb_1286.jpg,16,35,12,23,4,20,4
identity,0.0,0.5289003849029541,711,2022-06-28_11_20_39.kfb,2022-06-28_11_20_39.kfb_1120.jpg,225,382,192,190,33,150,13
identity,0.0,0.5289003849029541,1198,2022-06-28_11_21_44.kfb,2022-06-28_11_21_44.kfb_1131.jpg,264,299,182,117,82,91,56
identity,0.0,0.5289003849029541,30,2022-06-28_11_11_09.kfb,2022-06-28_11_11_09.kfb_1275.jpg,59,171,46,125,13,118,8
identity,0.0,0.5289003849029541,401,2022-06-28_11_18_14.kfb,2022-06-28_11_18_14.kfb_1288.jpg,27,68,26,42,1,38,1
identity,0.0,0.5289003849029541,712,2022-06-28_11_20_39.kfb,2022-06-28_11_20_39.kfb_1124.jpg,306,528,253,275,53,204,28
identity,0.0,0.5289003849029541,1199,2022-06-28_11_21_44.kfb,2022-06-28_11_21_44.kfb_1138.jpg,86,175,74,101,12,85,8
identity,0.0,0.5289003849029541,31,2022-06-28_11_11_09.kfb,2022-06-28_11_11_09.kfb_1283.jpg,190,352,161,191,29,167,19
identity,0.0,0.5289003849029541,402,2022-06-28_11_18_14.kfb,2022-06-28_11_18_14.kfb_1290.jpg,21,55,19,36,2,33,1
identity,0.0,0.5289003849029541,713,2022-06-28_11_20_39.kfb,2022-06-28_11_20_39.kfb_1133.jpg,79,183,68,115,11,95,8
identity,0.0,0.5289003849029541,1200,2022-06-28_11_21_44.kfb,2022-06-28_11_21_44.kfb_1140.jpg,193,292,166,126,27,103,14
identity,0.0,0.5289003849029541,32,2022-06-28_11_11_09.kfb,2022-06-28_11_11_09.kfb_1284.jpg,165,325,133,192,32,172,24
identity,0.0,0.5289003849029541,403,2022-06-28_11_18_14.kfb,2022-06-28_11_18_14.kfb_1296.jpg,106,185,95,90,11,78,10
identity,0.0,0.5289003849029541,714,2022-06-28_11_20_39.kfb,2022-06-28_11_20_39.kfb_1137.jpg,281,296,179,117,102,98,73
identity,0.0,0.5289003849029541,1201,2022-06-28_11_21_44.kfb,2022-06-28_11_21_44.kfb_1147.jpg,186,272,139,133,47,123,28
identity,0.0,0.5289003849029541,33,2022-06-28_11_11_09.kfb,2022-06-28_11_11_09.kfb_1296.jpg,20,72,17,55,3,52,3
identity,0.0,0.5289003849029541,404,2022-06-28_11_18_14.kfb,2022-06-28_11_18_14.kfb_1298.jpg,31,80,30,50,1,48,0
identity,0.0,0.5289003849029541,715,2022-06-28_11_20_39.kfb,2022-06-28_11_20_39.kfb_1139.jpg,276,338,203,135,73,106,59
identity,0.0,0.5289003849029541,1202,2022-06-28_11_21_44.kfb,2022-06-28_11_21_44.kfb_1149.jpg,386,517,288,229,98,181,59
identity,0.0,0.5289003849029541,34,2022-06-28_11_11_09.kfb,2022-06-28_11_11_09.kfb_1328.jpg,291,337,211,126,80,103,58
identity,0.0,0.5289003849029541,405,2022-06-28_11_18_14.kfb,2022-06-28_11_18_14.kfb_132.jpg,199,323,166,157,33,125,20
identity,0.0,0.5289003849029541,716,2022-06-28_11_20_39.kfb,2022-06-28_11_20_39.kfb_1140.jpg,299,335,205,130,94,113,69
identity,0.0,0.5289003849029541,1203,2022-06-28_11_21_44.kfb,2022-06-28_11_21_44.kfb_1150.jpg,441,628,356,272,85,193,48
identity,0.0,0.5289003849029541,35,2022-06-28_11_11_09.kfb,2022-06-28_11_11_09.kfb_1355.jpg,60,256,47,209,13,199,10
identity,0.0,0.5289003849029541,406,2022-06-28_11_18_14.kfb,2022-06-28_11_18_14.kfb_1325.jpg,35,78,28,50,7,48,6
identity,0.0,0.5289003849029541,717,2022-06-28_11_20_39.kfb,2022-06-28_11_20_39.kfb_1141.jpg,282,281,168,113,114,97,95
identity,0.0,0.5289003849029541,1204,2022-06-28_11_21_44.kfb,2022-06-28_11_21_44.kfb_1153.jpg,466,531,361,170,105,123,64
identity,0.0,0.5289003849029541,36,2022-06-28_11_11_09.kfb,2022-06-28_11_11_09.kfb_1399.jpg,116,338,100,238,16,209,6
identity,0.0,0.5289003849029541,407,2022-06-28_11_18_14.kfb,2022-06-28_11_18_14.kfb_1326.jpg,132,150,96,54,36,44,27
identity,0.0,0.5289003849029541,718,2022-06-28_11_20_39.kfb,2022-06-28_11_20_39.kfb_1142.jpg,194,239,123,116,71,101,58
identity,0.0,0.5289003849029541,1205,2022-06-28_11_21_44.kfb,2022-06-28_11_21_44.kfb_1154.jpg,293,437,233,204,60,160,38
identity,0.0,0.5289003849029541,37,2022-06-28_11_11_09.kfb,2022-06-28_11_11_09.kfb_1401.jpg,114,251,90,161,24,148,16
identity,0.0,0.5289003849029541,408,2022-06-28_11_18_14.kfb,2022-06-28_11_18_14.kfb_1327.jpg,99,150,83,67,16,58,11
identity,0.0,0.5289003849029541,719,2022-06-28_11_20_39.kfb,2022-06-28_11_20_39.kfb_1144.jpg,133,266,107,159,26,136,21
identity,0.0,0.5289003849029541,1206,2022-06-28_11_21_44.kfb,2022-06-28_11_21_44.kfb_1158.jpg,160,230,127,103,33,80,21
identity,0.0,0.5289003849029541,38,2022-06-28_11_11_09.kfb,2022-06-28_11_11_09.kfb_1402.jpg,182,264,143,121,39,106,32
identity,0.0,0.5289003849029541,409,2022-06-28_11_18_14.kfb,2022-06-28_11_18_14.kfb_1337.jpg,10,27,4,23,6,22,5
identity,0.0,0.5289003849029541,720,2022-06-28_11_20_39.kfb,2022-06-28_11_20_39.kfb_1158.jpg,66,216,57,159,9,155,9
source_fixed,0.2,0.5289003849029541,0,2022-06-28_11_11_09.kfb,2022-06-28_11_11_09.kfb_1000.jpg,61,166,51,115,10,106,7
source_fixed,0.2,0.5289003849029541,365,2022-06-28_11_14_35.kfb,2022-06-28_11_14_35.kfb_351.jpg,220,229,158,71,62,51,42
source_fixed,0.2,0.5289003849029541,368,2022-06-28_11_15_54.kfb,2022-06-28_11_15_54.kfb_264.jpg,418,449,307,142,111,92,65
source_fixed,0.2,0.5289003849029541,370,2022-06-28_11_16_48.kfb,2022-06-28_11_16_48.kfb_350.jpg,324,338,269,69,55,58,39
source_fixed,0.2,0.5289003849029541,371,2022-06-28_11_18_14.kfb,2022-06-28_11_18_14.kfb_1002.jpg,53,85,47,38,6,33,4
source_fixed,0.2,0.5289003849029541,682,2022-06-28_11_20_39.kfb,2022-06-28_11_20_39.kfb_1011.jpg,114,189,90,99,24,90,18
source_fixed,0.2,0.5289003849029541,1169,2022-06-28_11_21_44.kfb,2022-06-28_11_21_44.kfb_1002.jpg,115,204,104,100,11,88,10
source_fixed,0.2,0.5289003849029541,1,2022-06-28_11_11_09.kfb,2022-06-28_11_11_09.kfb_1019.jpg,24,93,20,73,4,67,1
source_fixed,0.2,0.5289003849029541,366,2022-06-28_11_14_35.kfb,2022-06-28_11_14_35.kfb_428.jpg,263,224,176,48,87,36,71
source_fixed,0.2,0.5289003849029541,369,2022-06-28_11_15_54.kfb,2022-06-28_11_15_54.kfb_466.jpg,235,195,143,52,92,33,74
source_fixed,0.2,0.5289003849029541,372,2022-06-28_11_18_14.kfb,2022-06-28_11_18_14.kfb_1006.jpg,78,97,64,33,14,27,9
source_fixed,0.2,0.5289003849029541,683,2022-06-28_11_20_39.kfb,2022-06-28_11_20_39.kfb_1012.jpg,140,258,110,148,30,132,18
source_fixed,0.2,0.5289003849029541,1170,2022-06-28_11_21_44.kfb,2022-06-28_11_21_44.kfb_1009.jpg,137,247,111,136,26,121,23
source_fixed,0.2,0.5289003849029541,2,2022-06-28_11_11_09.kfb,2022-06-28_11_11_09.kfb_1022.jpg,13,53,11,42,2,41,2
source_fixed,0.2,0.5289003849029541,367,2022-06-28_11_14_35.kfb,2022-06-28_11_14_35.kfb_756.jpg,122,121,73,48,49,41,42
source_fixed,0.2,0.5289003849029541,373,2022-06-28_11_18_14.kfb,2022-06-28_11_18_14.kfb_1011.jpg,65,94,55,39,10,28,6
source_fixed,0.2,0.5289003849029541,684,2022-06-28_11_20_39.kfb,2022-06-28_11_20_39.kfb_1014.jpg,84,242,74,168,10,157,8
source_fixed,0.2,0.5289003849029541,1171,2022-06-28_11_21_44.kfb,2022-06-28_11_21_44.kfb_102.jpg,186,273,153,120,33,103,25
source_fixed,0.2,0.5289003849029541,3,2022-06-28_11_11_09.kfb,2022-06-28_11_11_09.kfb_1029.jpg,19,131,18,113,1,109,0
source_fixed,0.2,0.5289003849029541,374,2022-06-28_11_18_14.kfb,2022-06-28_11_18_14.kfb_1039.jpg,72,112,59,53,13,45,10
source_fixed,0.2,0.5289003849029541,685,2022-06-28_11_20_39.kfb,2022-06-28_11_20_39.kfb_1015.jpg,183,365,147,218,36,191,26
source_fixed,0.2,0.5289003849029541,1172,2022-06-28_11_21_44.kfb,2022-06-28_11_21_44.kfb_1021.jpg,202,350,172,178,30,146,20
source_fixed,0.2,0.5289003849029541,4,2022-06-28_11_11_09.kfb,2022-06-28_11_11_09.kfb_1052.jpg,142,268,124,144,18,122,12
source_fixed,0.2,0.5289003849029541,375,2022-06-28_11_18_14.kfb,2022-06-28_11_18_14.kfb_1046.jpg,22,60,17,43,5,41,2
source_fixed,0.2,0.5289003849029541,686,2022-06-28_11_20_39.kfb,2022-06-28_11_20_39.kfb_1017.jpg,198,258,132,126,66,110,47
source_fixed,0.2,0.5289003849029541,1173,2022-06-28_11_21_44.kfb,2022-06-28_11_21_44.kfb_1023.jpg,211,341,178,163,33,129,23
source_fixed,0.2,0.5289003849029541,5,2022-06-28_11_11_09.kfb,2022-06-28_11_11_09.kfb_1058.jpg,122,286,106,180,16,164,12
source_fixed,0.2,0.5289003849029541,301,2022-06-28_11_12_06.kfb,2022-06-28_11_12_06.kfb_1226.jpg,655,443,362,81,293,57,224
source_fixed,0.2,0.5289003849029541,376,2022-06-28_11_18_14.kfb,2022-06-28_11_18_14.kfb_1049.jpg,36,103,32,71,4,64,3
source_fixed,0.2,0.5289003849029541,687,2022-06-28_11_20_39.kfb,2022-06-28_11_20_39.kfb_1020.jpg,251,390,205,185,46,161,36
source_fixed,0.2,0.5289003849029541,1174,2022-06-28_11_21_44.kfb,2022-06-28_11_21_44.kfb_1036.jpg,325,534,259,275,66,213,35
source_fixed,0.2,0.5289003849029541,6,2022-06-28_11_11_09.kfb,2022-06-28_11_11_09.kfb_1059.jpg,174,365,143,222,31,200,16
source_fixed,0.2,0.5289003849029541,377,2022-06-28_11_18_14.kfb,2022-06-28_11_18_14.kfb_1052.jpg,44,112,39,73,5,69,2
source_fixed,0.2,0.5289003849029541,688,2022-06-28_11_20_39.kfb,2022-06-28_11_20_39.kfb_1022.jpg,181,369,148,221,33,197,20
source_fixed,0.2,0.5289003849029541,1175,2022-06-28_11_21_44.kfb,2022-06-28_11_21_44.kfb_105.jpg,343,446,272,174,71,136,51
source_fixed,0.2,0.5289003849029541,7,2022-06-28_11_11_09.kfb,2022-06-28_11_11_09.kfb_1063.jpg,80,211,72,139,8,124,8
source_fixed,0.2,0.5289003849029541,303,2022-06-28_11_12_06.kfb,2022-06-28_11_12_06.kfb_1274.jpg,111,136,78,58,33,47,28
source_fixed,0.2,0.5289003849029541,378,2022-06-28_11_18_14.kfb,2022-06-28_11_18_14.kfb_1080.jpg,133,225,110,115,23,102,13
source_fixed,0.2,0.5289003849029541,689,2022-06-28_11_20_39.kfb,2022-06-28_11_20_39.kfb_1027.jpg,407,388,264,124,143,98,105
source_fixed,0.2,0.5289003849029541,1176,2022-06-28_11_21_44.kfb,2022-06-28_11_21_44.kfb_1053.jpg,239,471,186,285,53,237,27
source_fixed,0.2,0.5289003849029541,8,2022-06-28_11_11_09.kfb,2022-06-28_11_11_09.kfb_1064.jpg,77,195,67,128,10,120,5
source_fixed,0.2,0.5289003849029541,304,2022-06-28_11_12_06.kfb,2022-06-28_11_12_06.kfb_1315.jpg,358,393,279,114,79,94,59
source_fixed,0.2,0.5289003849029541,379,2022-06-28_11_18_14.kfb,2022-06-28_11_18_14.kfb_1084.jpg,160,174,143,31,17,20,15
source_fixed,0.2,0.5289003849029541,690,2022-06-28_11_20_39.kfb,2022-06-28_11_20_39.kfb_1029.jpg,349,446,284,162,65,124,44
source_fixed,0.2,0.5289003849029541,1177,2022-06-28_11_21_44.kfb,2022-06-28_11_21_44.kfb_106.jpg,259,349,210,139,49,108,39
source_fixed,0.2,0.5289003849029541,9,2022-06-28_11_11_09.kfb,2022-06-28_11_11_09.kfb_1092.jpg,9,72,9,63,0,59,0
source_fixed,0.2,0.5289003849029541,380,2022-06-28_11_18_14.kfb,2022-06-28_11_18_14.kfb_1086.jpg,88,126,77,49,11,40,8
source_fixed,0.2,0.5289003849029541,691,2022-06-28_11_20_39.kfb,2022-06-28_11_20_39.kfb_1034.jpg,163,251,133,118,30,101,23
source_fixed,0.2,0.5289003849029541,1178,2022-06-28_11_21_44.kfb,2022-06-28_11_21_44.kfb_1062.jpg,136,243,113,130,23,106,16
source_fixed,0.2,0.5289003849029541,10,2022-06-28_11_11_09.kfb,2022-06-28_11_11_09.kfb_1120.jpg,25,96,22,74,3,71,2
source_fixed,0.2,0.5289003849029541,306,2022-06-28_11_12_06.kfb,2022-06-28_11_12_06.kfb_1454.jpg,132,84,56,28,76,24,71
source_fixed,0.2,0.5289003849029541,381,2022-06-28_11_18_14.kfb,2022-06-28_11_18_14.kfb_1087.jpg,99,128,78,50,21,44,17
source_fixed,0.2,0.5289003849029541,692,2022-06-28_11_20_39.kfb,2022-06-28_11_20_39.kfb_1035.jpg,148,315,126,189,22,160,14
source_fixed,0.2,0.5289003849029541,1179,2022-06-28_11_21_44.kfb,2022-06-28_11_21_44.kfb_1063.jpg,172,260,129,131,43,119,28
source_fixed,0.2,0.5289003849029541,11,2022-06-28_11_11_09.kfb,2022-06-28_11_11_09.kfb_1123.jpg,114,251,96,155,18,135,12
source_fixed,0.2,0.5289003849029541,382,2022-06-28_11_18_14.kfb,2022-06-28_11_18_14.kfb_1089.jpg,18,44,17,27,1,25,0
source_fixed,0.2,0.5289003849029541,693,2022-06-28_11_20_39.kfb,2022-06-28_11_20_39.kfb_1039.jpg,169,292,131,161,38,141,25
source_fixed,0.2,0.5289003849029541,1180,2022-06-28_11_21_44.kfb,2022-06-28_11_21_44.kfb_1066.jpg,159,247,131,116,28,92,13
source_fixed,0.2,0.5289003849029541,12,2022-06-28_11_11_09.kfb,2022-06-28_11_11_09.kfb_1127.jpg,81,262,66,196,15,171,11
source_fixed,0.2,0.5289003849029541,383,2022-06-28_11_18_14.kfb,2022-06-28_11_18_14.kfb_1092.jpg,20,27,12,15,8,14,7
source_fixed,0.2,0.5289003849029541,694,2022-06-28_11_20_39.kfb,2022-06-28_11_20_39.kfb_1045.jpg,435,539,336,203,99,144,61
source_fixed,0.2,0.5289003849029541,1181,2022-06-28_11_21_44.kfb,2022-06-28_11_21_44.kfb_1068.jpg,96,158,63,95,33,81,28
source_fixed,0.2,0.5289003849029541,13,2022-06-28_11_11_09.kfb,2022-06-28_11_11_09.kfb_1129.jpg,137,240,114,126,23,111,15
source_fixed,0.2,0.5289003849029541,384,2022-06-28_11_18_14.kfb,2022-06-28_11_18_14.kfb_1124.jpg,15,38,15,23,0,20,0
source_fixed,0.2,0.5289003849029541,695,2022-06-28_11_20_39.kfb,2022-06-28_11_20_39.kfb_1046.jpg,163,274,134,140,29,103,22
source_fixed,0.2,0.5289003849029541,1182,2022-06-28_11_21_44.kfb,2022-06-28_11_21_44.kfb_1074.jpg,376,550,293,257,83,195,52
source_fixed,0.2,0.5289003849029541,14,2022-06-28_11_11_09.kfb,2022-06-28_11_11_09.kfb_1130.jpg,125,247,105,142,20,125,13
source_fixed,0.2,0.5289003849029541,310,2022-06-28_11_12_06.kfb,2022-06-28_11_12_06.kfb_1546.jpg,194,192,122,70,72,65,61
source_fixed,0.2,0.5289003849029541,385,2022-06-28_11_18_14.kfb,2022-06-28_11_18_14.kfb_1130.jpg,6,36,6,30,0,30,0
source_fixed,0.2,0.5289003849029541,696,2022-06-28_11_20_39.kfb,2022-06-28_11_20_39.kfb_1052.jpg,139,276,116,160,23,142,18
source_fixed,0.2,0.5289003849029541,1183,2022-06-28_11_21_44.kfb,2022-06-28_11_21_44.kfb_1077.jpg,599,635,438,197,161,136,112
source_fixed,0.2,0.5289003849029541,15,2022-06-28_11_11_09.kfb,2022-06-28_11_11_09.kfb_1131.jpg,61,203,49,154,12,144,9
source_fixed,0.2,0.5289003849029541,386,2022-06-28_11_18_14.kfb,2022-06-28_11_18_14.kfb_1132.jpg,80,153,66,87,14,79,12
source_fixed,0.2,0.5289003849029541,697,2022-06-28_11_20_39.kfb,2022-06-28_11_20_39.kfb_1054.jpg,298,363,204,159,94,132,70
source_fixed,0.2,0.5289003849029541,1184,2022-06-28_11_21_44.kfb,2022-06-28_11_21_44.kfb_1079.jpg,150,255,118,137,32,118,26
source_fixed,0.2,0.5289003849029541,16,2022-06-28_11_11_09.kfb,2022-06-28_11_11_09.kfb_1133.jpg,55,195,52,143,3,130,3
source_fixed,0.2,0.5289003849029541,387,2022-06-28_11_18_14.kfb,2022-06-28_11_18_14.kfb_1134.jpg,38,90,31,59,7,53,7
source_fixed,0.2,0.5289003849029541,698,2022-06-28_11_20_39.kfb,2022-06-28_11_20_39.kfb_1057.jpg,289,389,224,165,65,139,45
source_fixed,0.2,0.5289003849029541,1185,2022-06-28_11_21_44.kfb,2022-06-28_11_21_44.kfb_1080.jpg,141,234,113,121,28,97,16
source_fixed,0.2,0.5289003849029541,17,2022-06-28_11_11_09.kfb,2022-06-28_11_11_09.kfb_1136.jpg,34,113,29,84,5,82,4
source_fixed,0.2,0.5289003849029541,388,2022-06-28_11_18_14.kfb,2022-06-28_11_18_14.kfb_1161.jpg,23,47,17,30,6,28,3
source_fixed,0.2,0.5289003849029541,699,2022-06-28_11_20_39.kfb,2022-06-28_11_20_39.kfb_1062.jpg,49,144,39,105,10,89,4
source_fixed,0.2,0.5289003849029541,1186,2022-06-28_11_21_44.kfb,2022-06-28_11_21_44.kfb_1081.jpg,168,229,133,96,35,83,31
source_fixed,0.2,0.5289003849029541,18,2022-06-28_11_11_09.kfb,2022-06-28_11_11_09.kfb_1137.jpg,23,133,20,113,3,107,2
source_fixed,0.2,0.5289003849029541,389,2022-06-28_11_18_14.kfb,2022-06-28_11_18_14.kfb_1163.jpg,34,81,31,50,3,44,3
source_fixed,0.2,0.5289003849029541,700,2022-06-28_11_20_39.kfb,2022-06-28_11_20_39.kfb_1071.jpg,159,363,143,220,16,186,12
source_fixed,0.2,0.5289003849029541,1187,2022-06-28_11_21_44.kfb,2022-06-28_11_21_44.kfb_1087.jpg,212,318,178,140,34,115,23
source_fixed,0.2,0.5289003849029541,19,2022-06-28_11_11_09.kfb,2022-06-28_11_11_09.kfb_1193.jpg,91,211,80,131,11,113,7
source_fixed,0.2,0.5289003849029541,390,2022-06-28_11_18_14.kfb,2022-06-28_11_18_14.kfb_1167.jpg,75,120,61,59,14,49,11
source_fixed,0.2,0.5289003849029541,701,2022-06-28_11_20_39.kfb,2022-06-28_11_20_39.kfb_1073.jpg,163,292,132,160,31,140,14
source_fixed,0.2,0.5289003849029541,1188,2022-06-28_11_21_44.kfb,2022-06-28_11_21_44.kfb_1088.jpg,290,373,193,180,97,138,76
source_fixed,0.2,0.5289003849029541,20,2022-06-28_11_11_09.kfb,2022-06-28_11_11_09.kfb_1195.jpg,59,192,52,140,7,136,4
source_fixed,0.2,0.5289003849029541,316,2022-06-28_11_12_06.kfb,2022-06-28_11_12_06.kfb_1853.jpg,465,252,201,51,264,45,237
source_fixed,0.2,0.5289003849029541,391,2022-06-28_11_18_14.kfb,2022-06-28_11_18_14.kfb_1204.jpg,64,117,56,61,8,46,6
source_fixed,0.2,0.5289003849029541,702,2022-06-28_11_20_39.kfb,2022-06-28_11_20_39.kfb_1085.jpg,72,181,57,124,15,108,8
source_fixed,0.2,0.5289003849029541,1189,2022-06-28_11_21_44.kfb,2022-06-28_11_21_44.kfb_1100.jpg,193,307,171,136,22,113,16
source_fixed,0.2,0.5289003849029541,21,2022-06-28_11_11_09.kfb,2022-06-28_11_11_09.kfb_1196.jpg,73,230,64,166,9,153,6
source_fixed,0.2,0.5289003849029541,392,2022-06-28_11_18_14.kfb,2022-06-28_11_18_14.kfb_1209.jpg,55,104,45,59,10,50,6
source_fixed,0.2,0.5289003849029541,703,2022-06-28_11_20_39.kfb,2022-06-28_11_20_39.kfb_1087.jpg,50,116,45,71,5,63,4
source_fixed,0.2,0.5289003849029541,1190,2022-06-28_11_21_44.kfb,2022-06-28_11_21_44.kfb_1101.jpg,266,380,211,169,55,122,31
source_fixed,0.2,0.5289003849029541,22,2022-06-28_11_11_09.kfb,2022-06-28_11_11_09.kfb_1213.jpg,14,82,11,71,3,70,3
source_fixed,0.2,0.5289003849029541,393,2022-06-28_11_18_14.kfb,2022-06-28_11_18_14.kfb_1211.jpg,48,108,32,76,16,73,12
source_fixed,0.2,0.5289003849029541,704,2022-06-28_11_20_39.kfb,2022-06-28_11_20_39.kfb_1088.jpg,18,46,15,31,3,29,2
source_fixed,0.2,0.5289003849029541,1191,2022-06-28_11_21_44.kfb,2022-06-28_11_21_44.kfb_1103.jpg,139,257,119,138,20,108,12
source_fixed,0.2,0.5289003849029541,23,2022-06-28_11_11_09.kfb,2022-06-28_11_11_09.kfb_1227.jpg,31,80,25,55,6,52,2
source_fixed,0.2,0.5289003849029541,394,2022-06-28_11_18_14.kfb,2022-06-28_11_18_14.kfb_1212.jpg,18,66,16,50,2,48,2
source_fixed,0.2,0.5289003849029541,705,2022-06-28_11_20_39.kfb,2022-06-28_11_20_39.kfb_1090.jpg,138,229,109,120,29,90,22
source_fixed,0.2,0.5289003849029541,1192,2022-06-28_11_21_44.kfb,2022-06-28_11_21_44.kfb_1104.jpg,105,197,88,109,17,97,13
source_fixed,0.2,0.5289003849029541,24,2022-06-28_11_11_09.kfb,2022-06-28_11_11_09.kfb_1257.jpg,214,308,162,146,52,118,40
source_fixed,0.2,0.5289003849029541,395,2022-06-28_11_18_14.kfb,2022-06-28_11_18_14.kfb_1213.jpg,36,83,31,52,5,46,5
source_fixed,0.2,0.5289003849029541,706,2022-06-28_11_20_39.kfb,2022-06-28_11_20_39.kfb_1115.jpg,253,377,193,184,60,149,47
source_fixed,0.2,0.5289003849029541,1193,2022-06-28_11_21_44.kfb,2022-06-28_11_21_44.kfb_1106.jpg,168,241,129,112,39,88,30
source_fixed,0.2,0.5289003849029541,25,2022-06-28_11_11_09.kfb,2022-06-28_11_11_09.kfb_1264.jpg,329,432,234,198,95,162,65
source_fixed,0.2,0.5289003849029541,396,2022-06-28_11_18_14.kfb,2022-06-28_11_18_14.kfb_1215.jpg,33,81,29,52,4,43,2
source_fixed,0.2,0.5289003849029541,707,2022-06-28_11_20_39.kfb,2022-06-28_11_20_39.kfb_1116.jpg,151,271,117,154,34,138,26
source_fixed,0.2,0.5289003849029541,1194,2022-06-28_11_21_44.kfb,2022-06-28_11_21_44.kfb_1110.jpg,220,339,182,157,38,127,25
source_fixed,0.2,0.5289003849029541,26,2022-06-28_11_11_09.kfb,2022-06-28_11_11_09.kfb_1267.jpg,181,316,157,159,24,125,17
source_fixed,0.2,0.5289003849029541,397,2022-06-28_11_18_14.kfb,2022-06-28_11_18_14.kfb_1216.jpg,20,58,20,38,0,38,0
source_fixed,0.2,0.5289003849029541,708,2022-06-28_11_20_39.kfb,2022-06-28_11_20_39.kfb_1117.jpg,188,339,161,178,27,143,16
source_fixed,0.2,0.5289003849029541,1195,2022-06-28_11_21_44.kfb,2022-06-28_11_21_44.kfb_1116.jpg,278,357,199,158,79,125,51
source_fixed,0.2,0.5289003849029541,27,2022-06-28_11_11_09.kfb,2022-06-28_11_11_09.kfb_1270.jpg,68,161,58,103,10,86,6
source_fixed,0.2,0.5289003849029541,398,2022-06-28_11_18_14.kfb,2022-06-28_11_18_14.kfb_1256.jpg,61,94,43,51,18,46,15
source_fixed,0.2,0.5289003849029541,709,2022-06-28_11_20_39.kfb,2022-06-28_11_20_39.kfb_1118.jpg,231,413,193,220,38,178,30
source_fixed,0.2,0.5289003849029541,1196,2022-06-28_11_21_44.kfb,2022-06-28_11_21_44.kfb_1121.jpg,406,466,308,158,98,118,70
source_fixed,0.2,0.5289003849029541,28,2022-06-28_11_11_09.kfb,2022-06-28_11_11_09.kfb_1271.jpg,152,283,130,153,22,136,18
source_fixed,0.2,0.5289003849029541,399,2022-06-28_11_18_14.kfb,2022-06-28_11_18_14.kfb_1257.jpg,54,82,43,39,11,34,7
source_fixed,0.2,0.5289003849029541,710,2022-06-28_11_20_39.kfb,2022-06-28_11_20_39.kfb_1119.jpg,175,347,141,206,34,180,28
source_fixed,0.2,0.5289003849029541,1197,2022-06-28_11_21_44.kfb,2022-06-28_11_21_44.kfb_1125.jpg,350,534,282,252,68,190,45
source_fixed,0.2,0.5289003849029541,29,2022-06-28_11_11_09.kfb,2022-06-28_11_11_09.kfb_1272.jpg,161,271,124,147,37,124,26
source_fixed,0.2,0.5289003849029541,400,2022-06-28_11_18_14.kfb,2022-06-28_11_18_14.kfb_1286.jpg,16,35,12,23,4,20,4
source_fixed,0.2,0.5289003849029541,711,2022-06-28_11_20_39.kfb,2022-06-28_11_20_39.kfb_1120.jpg,225,382,192,190,33,150,13
source_fixed,0.2,0.5289003849029541,1198,2022-06-28_11_21_44.kfb,2022-06-28_11_21_44.kfb_1131.jpg,264,299,182,117,82,91,56
source_fixed,0.2,0.5289003849029541,30,2022-06-28_11_11_09.kfb,2022-06-28_11_11_09.kfb_1275.jpg,59,169,46,123,13,116,8
source_fixed,0.2,0.5289003849029541,401,2022-06-28_11_18_14.kfb,2022-06-28_11_18_14.kfb_1288.jpg,27,68,26,42,1,38,1
source_fixed,0.2,0.5289003849029541,712,2022-06-28_11_20_39.kfb,2022-06-28_11_20_39.kfb_1124.jpg,306,527,253,274,53,203,28
source_fixed,0.2,0.5289003849029541,1199,2022-06-28_11_21_44.kfb,2022-06-28_11_21_44.kfb_1138.jpg,86,175,74,101,12,85,8
source_fixed,0.2,0.5289003849029541,31,2022-06-28_11_11_09.kfb,2022-06-28_11_11_09.kfb_1283.jpg,190,352,161,191,29,167,19
source_fixed,0.2,0.5289003849029541,402,2022-06-28_11_18_14.kfb,2022-06-28_11_18_14.kfb_1290.jpg,21,54,19,35,2,32,1
source_fixed,0.2,0.5289003849029541,713,2022-06-28_11_20_39.kfb,2022-06-28_11_20_39.kfb_1133.jpg,79,183,68,115,11,95,8
source_fixed,0.2,0.5289003849029541,1200,2022-06-28_11_21_44.kfb,2022-06-28_11_21_44.kfb_1140.jpg,193,292,166,126,27,103,14
source_fixed,0.2,0.5289003849029541,32,2022-06-28_11_11_09.kfb,2022-06-28_11_11_09.kfb_1284.jpg,165,325,133,192,32,172,24
source_fixed,0.2,0.5289003849029541,403,2022-06-28_11_18_14.kfb,2022-06-28_11_18_14.kfb_1296.jpg,106,184,95,89,11,77,10
source_fixed,0.2,0.5289003849029541,714,2022-06-28_11_20_39.kfb,2022-06-28_11_20_39.kfb_1137.jpg,281,296,179,117,102,98,73
source_fixed,0.2,0.5289003849029541,1201,2022-06-28_11_21_44.kfb,2022-06-28_11_21_44.kfb_1147.jpg,186,272,139,133,47,123,28
source_fixed,0.2,0.5289003849029541,33,2022-06-28_11_11_09.kfb,2022-06-28_11_11_09.kfb_1296.jpg,20,71,17,54,3,51,3
source_fixed,0.2,0.5289003849029541,404,2022-06-28_11_18_14.kfb,2022-06-28_11_18_14.kfb_1298.jpg,31,80,30,50,1,48,0
source_fixed,0.2,0.5289003849029541,715,2022-06-28_11_20_39.kfb,2022-06-28_11_20_39.kfb_1139.jpg,276,338,203,135,73,106,59
source_fixed,0.2,0.5289003849029541,1202,2022-06-28_11_21_44.kfb,2022-06-28_11_21_44.kfb_1149.jpg,386,516,288,228,98,180,59
source_fixed,0.2,0.5289003849029541,34,2022-06-28_11_11_09.kfb,2022-06-28_11_11_09.kfb_1328.jpg,291,335,210,125,81,102,59
source_fixed,0.2,0.5289003849029541,405,2022-06-28_11_18_14.kfb,2022-06-28_11_18_14.kfb_132.jpg,199,323,166,157,33,125,20
source_fixed,0.2,0.5289003849029541,716,2022-06-28_11_20_39.kfb,2022-06-28_11_20_39.kfb_1140.jpg,299,335,205,130,94,113,69
source_fixed,0.2,0.5289003849029541,1203,2022-06-28_11_21_44.kfb,2022-06-28_11_21_44.kfb_1150.jpg,441,627,355,272,86,193,48
source_fixed,0.2,0.5289003849029541,35,2022-06-28_11_11_09.kfb,2022-06-28_11_11_09.kfb_1355.jpg,60,255,47,208,13,198,10
source_fixed,0.2,0.5289003849029541,406,2022-06-28_11_18_14.kfb,2022-06-28_11_18_14.kfb_1325.jpg,35,78,28,50,7,48,6
source_fixed,0.2,0.5289003849029541,717,2022-06-28_11_20_39.kfb,2022-06-28_11_20_39.kfb_1141.jpg,282,280,168,112,114,96,95
source_fixed,0.2,0.5289003849029541,1204,2022-06-28_11_21_44.kfb,2022-06-28_11_21_44.kfb_1153.jpg,466,531,361,170,105,123,64
source_fixed,0.2,0.5289003849029541,36,2022-06-28_11_11_09.kfb,2022-06-28_11_11_09.kfb_1399.jpg,116,338,100,238,16,209,6
source_fixed,0.2,0.5289003849029541,407,2022-06-28_11_18_14.kfb,2022-06-28_11_18_14.kfb_1326.jpg,132,149,96,53,36,43,27
source_fixed,0.2,0.5289003849029541,718,2022-06-28_11_20_39.kfb,2022-06-28_11_20_39.kfb_1142.jpg,194,239,123,116,71,101,58
source_fixed,0.2,0.5289003849029541,1205,2022-06-28_11_21_44.kfb,2022-06-28_11_21_44.kfb_1154.jpg,293,436,233,203,60,159,38
source_fixed,0.2,0.5289003849029541,37,2022-06-28_11_11_09.kfb,2022-06-28_11_11_09.kfb_1401.jpg,114,251,90,161,24,148,16
source_fixed,0.2,0.5289003849029541,408,2022-06-28_11_18_14.kfb,2022-06-28_11_18_14.kfb_1327.jpg,99,150,83,67,16,58,11
source_fixed,0.2,0.5289003849029541,719,2022-06-28_11_20_39.kfb,2022-06-28_11_20_39.kfb_1144.jpg,133,266,107,159,26,136,21
source_fixed,0.2,0.5289003849029541,1206,2022-06-28_11_21_44.kfb,2022-06-28_11_21_44.kfb_1158.jpg,160,229,127,102,33,79,21
source_fixed,0.2,0.5289003849029541,38,2022-06-28_11_11_09.kfb,2022-06-28_11_11_09.kfb_1402.jpg,182,263,143,120,39,105,32
source_fixed,0.2,0.5289003849029541,409,2022-06-28_11_18_14.kfb,2022-06-28_11_18_14.kfb_1337.jpg,10,25,4,21,6,20,5
source_fixed,0.2,0.5289003849029541,720,2022-06-28_11_20_39.kfb,2022-06-28_11_20_39.kfb_1158.jpg,66,216,57,159,9,155,9
