candidate_type,prototype_id,count,share
positive,0,2005,0.4021259526674689
positive,1,20,0.004011231448054553
positive,2,1469,0.2946249498596069
positive,3,19,0.003810669875651825
positive,4,1315,0.26373846770958687
positive,5,0,0.0
positive,6,140,0.02807862013638187
positive,7,9,0.0018050541516245488
positive,8,7,0.0014039310068190934
positive,9,2,0.00040112314480545525
hard_negative,0,1527,0.5714820359281437
hard_negative,1,0,0.0
hard_negative,2,60,0.02245508982035928
hard_negative,3,2,0.0007485029940119761
hard_negative,4,994,0.37200598802395207
hard_negative,5,0,0.0
hard_negative,6,78,0.029191616766467067
hard_negative,7,11,0.004116766467065869
hard_negative,8,0,0.0
hard_negative,9,0,0.0
random_negative,0,1,0.00037425149700598805
random_negative,1,0,0.0
random_negative,2,134,0.050149700598802395
random_negative,3,0,0.0
random_negative,4,20,0.0074850299401197605
random_negative,5,0,0.0
random_negative,6,1,0.00037425149700598805
random_negative,7,0,0.0
random_negative,8,2508,0.938622754491018
random_negative,9,8,0.0029940119760479044
