epoch,mode,weighted_loss_e2,positive,negative,geometry,calibration,margin_gap,alpha,fg_bg_cosine,loss_e2_raw
0,online,0.0,0.0,0.0,0.0,0.0,nan,0.05000000074505806,0.05081102252006531,0.0
1,online,0.0,0.0,0.0,0.0,0.0,nan,0.05000000074505806,0.05081102252006531,0.0
2,online,0.0,0.0,0.0,0.0,0.0,nan,0.05000000074505806,0.05081102252006531,0.0
3,online,0.0,0.0,0.0,0.0,0.0,nan,0.05000000074505806,0.05081102252006531,0.0
4,online,0.0,0.0,0.0,0.0,0.0,nan,0.05000000074505806,0.05081102252006531,0.0
5,online,0.0,0.0,0.0,0.0,0.0,nan,0.05000000074505806,0.05081102252006531,0.0
6,online,0.0,0.0,0.0,0.0,0.0,nan,0.05000000074505806,0.05081102252006531,0.0
7,online,0.0,0.0,0.0,0.0,0.0,nan,0.05000000074505806,0.05081102252006531,0.0
8,online,0.0,0.0,0.0,0.0,0.0,nan,0.05000000074505806,0.05081102252006531,0.0
9,online,0.0,0.0,0.0,0.0,0.0,nan,0.05000000074505806,0.05081102252006531,0.0
10,online,0.0,0.0,0.0,0.0,0.0,nan,0.05000000074505806,0.05081102252006531,0.0
11,online,0.0,0.0,0.0,0.0,0.0,nan,0.05000000074505806,0.05081102252006531,0.0
12,online,0.0,0.0,0.0,0.0,0.0,nan,0.05000000074505806,0.05081102252006531,0.0
13,online,0.0,0.0,0.0,0.0,0.0,nan,0.05000000074505806,0.05081102252006531,0.0
14,online,0.0,0.0,0.0,0.0,0.0,nan,0.05000000074505806,0.05081102252006531,0.0
15,online,0.0,0.0,0.0,0.0,0.0,nan,0.05000000074505806,0.05081102252006531,0.0
16,online,0.0,0.0,0.0,0.0,0.0,nan,0.05000000074505806,0.05081102252006531,0.0
17,online,0.0,0.0,0.0,0.0,0.0,nan,0.05000000074505806,0.05081102252006531,0.0
18,online,0.0,0.0,0.0,0.0,0.0,nan,0.05000000074505806,0.05081102252006531,0.0
19,online,0.0,0.0,0.0,0.0,0.0,nan,0.05000000074505806,0.05081102252006531,0.0
20,online,11.1177026364021,31.82811412665275,63.637439109255396,0.07736744915207144,0.0,0.1884144877499033,0.05000000074505806,0.07207034469667042,0.00773674504968831
21,online,10.758450139081106,31.798886569241475,63.60125260960334,0.07486743178988549,0.0,0.1964976966355797,0.05000000074505806,0.08002099058822201,0.007486743311817054
22,online,10.61785942222923,31.838552540013918,63.60821155184412,0.07388906910102983,0.0,0.20342489007553222,0.05000000074505806,0.08280680119140993,0.007388907044000856
23,online,10.555399846285582,31.819067501739735,63.64578983994433,0.0734544165183582,0.0,0.2064853810289487,0.05000000074505806,0.08460563185340261,0.007345441785863314
24,online,10.455542873125523,31.808629088378567,63.59151009046625,0.07275951781265422,0.0,0.21121043220185723,0.05000000074505806,0.0852043556779229,0.007275951895007323
25,online,1003.2046757936478,31.832289491997216,63.619345859429366,0.07404899108758302,0.6907194407142195,0.23117591745067861,0.051248611357366365,0.08227579874779171,0.6981243394527821
26,online,1000.9738915264606,31.795407098121085,63.5553235908142,0.07417483324225196,0.6891544657443742,0.23801958908775897,0.05262105603732827,0.08097658333839769,0.6965719495660826
27,online,1000.7799234390259,31.823242867084204,63.60751565762004,0.07408071339918494,0.6890288966765566,0.24084297369635116,0.053684843762433605,0.0805711521609591,0.6964369682943813
28,online,997.0819978713989,31.83437717466945,63.592901878914404,0.07402002633333456,0.6864616005223247,0.24523490875659326,0.054640880758014085,0.07976293350228354,0.6938636032507995
29,online,1003.6957221627235,31.805149617258177,63.58176757132916,0.07395725594619619,0.6910703302922976,0.245466394572019,0.05547920928680822,0.0796092766218494,0.6984660557847763
30,online,996.0207228660583,31.826026443980513,63.580375782881,0.0736734097565556,0.6857577270945494,0.2506630146327035,0.05625188857752495,0.07928073152163498,0.6931250681044248
31,online,996.9757309854031,31.83089770354906,63.60612386917189,0.07347658633014023,0.6864419950946139,0.2505475845283173,0.05694020191621017,0.07924549869036791,0.6937896527386243
32,online,996.9798003435135,31.825330549756437,63.53166318719555,0.07403103038202,0.6863893815520412,0.24740105270678353,0.05754331869534013,0.07933283127486582,0.6937924845814291
33,online,998.6670413017273,31.830201809324983,63.55114822546973,0.07401972763349218,0.6875646532038142,0.25075166565725787,0.05809327353390871,0.07862506216818373,0.6949666258188777
34,online,996.9884123206139,31.8169798190675,63.57132915796799,0.07385145909384297,0.6864133320007377,0.2538852447186316,0.058582900378466814,0.07837957589677745,0.693798477606551
35,online,997.3124079108238,31.812108559498956,63.521920668058456,0.07379327717294856,0.6866446167292823,0.25215849087093345,0.059004398289660906,0.0783834309682053,0.6940239442664049
36,online,1000.2023274898529,31.83089770354906,63.61377870563674,0.0739240411282747,0.6886426192360283,0.25021194841159206,0.059388553087256726,0.07832736572770502,0.696035022609501
37,online,998.5503106415272,31.83159359777314,63.57550452331245,0.07371523020764399,0.687513870316076,0.25343273009420497,0.05973379740915368,0.07790579088939588,0.6948853936266717
38,online,1000.0600192248821,31.836464857341685,63.58107167710508,0.07395336695829446,0.688540654416373,0.25150470562811744,0.06005181492712652,0.07788008913428898,0.6959359911098693
39,online,999.3597247898579,31.784968684759917,63.526791927627,0.07388617294576737,0.6880600431683832,0.2534563870169587,0.06035900419797015,0.07739662718631861,0.695448660257382
