epoch,train_loss,calibration_hard_auc,calibration_hard_min_auc,calibration_random_auc,selection_objective
0,0.5253737856234822,0.7254323310278086,0.6464843749999999,0.9614974487462035,0.8204323310278085
1,0.48747810827834265,0.7400593482197501,0.6988255033557048,0.9624574135494789,0.83505934821975
2,0.47532478826386587,0.7396712177437539,0.68359375,0.9634396810896682,0.8346712177437539
3,0.4697101169398853,0.755533782702292,0.7223154362416109,0.9614322006672488,0.850533782702292
4,0.46580041838543756,0.7556193146451905,0.7080536912751678,0.9613926599714723,0.8506193146451905
5,0.4618942141532898,0.7546424807045371,0.7223154362416109,0.9596872117335575,0.8496424807045371
6,0.4612632340618542,0.7500625285388371,0.7139261744966444,0.9642257698623826,0.8450625285388371
7,0.45728046553475515,0.7517351526757283,0.7035794183445191,0.9636890575542731,0.8467351526757283
8,0.45332345579351696,0.743796885750448,0.6970078299776286,0.9632618211652854,0.838796885750448
9,0.457718374473708,0.7477177967236128,0.6967281879194631,0.9617588923274215,0.8427177967236128
10,0.45395439118146896,0.7485403789541899,0.701202460850112,0.9654268285371358,0.8435403789541899
11,0.45017504904951366,0.7471632137433899,0.712248322147651,0.9604809609780549,0.8421632137433899
12,0.4522455004709108,0.7453146102537567,0.702880313199105,0.9702070152621006,0.8403146102537566
