method,negative_group,groups,macro_auc,min_auc,max_auc,macro_balanced_accuracy
ridge_linear_probe,all_negative,7,0.8045339217613144,0.7729904513888888,0.8234639412312922,0.742422128935153
ridge_linear_probe,hard_negative,7,0.6419365503536053,0.5923611111111111,0.6765574641855263,0.61397623826453
ridge_linear_probe,random_negative,7,0.9671312931690235,0.9536197916666667,0.9785801419277183,0.9684519361735384
supervised_metric_prototype,all_negative,7,0.850239214235141,0.7919639756944444,0.8735329923730494,0.7687306082373525
supervised_metric_prototype,hard_negative,7,0.729908331294249,0.6183029513888889,0.7686880165351837,0.6803275172952402
supervised_metric_prototype,random_negative,7,0.9705700971760328,0.9573460098140496,0.9826451075987792,0.9700758263472117
teacher_score,all_negative,7,0.7494318792951496,0.6727734375000001,0.8051652420811377,0.7398795049334372
teacher_score,hard_negative,7,0.5021996666828932,0.350234375,0.6117790146340435,0.6002276332337263
teacher_score,random_negative,7,0.996664091907406,0.993712874483471,0.998551469528232,0.9823185205297472
