method,negative_group,auc,balanced_accuracy,threshold,positive_mean,negative_mean
foreground_similarity,hard_negative,0.36968943698347106,0.5319602272727273,0.698904107093811,0.5115387439727783,0.5922232270240784
foreground_similarity,random_negative,0.7298069473140496,0.7947443181818182,0.4391607801914215,0.5115387439727783,0.3760967254638672
foreground_similarity,all_negative,0.5497481921487604,0.5759943181818182,0.4388044875860214,0.5115387439727783,0.4841599762439728
nearest_bank_margin,hard_negative,0.4056527634297521,0.5383522727272727,0.0016933674514293443,-0.11541572213172913,-0.07294394820928574
nearest_bank_margin,random_negative,0.04379196797520662,0.5,-0.41304758191108704,-0.11541572213172913,0.10000757873058319
nearest_bank_margin,all_negative,0.22472236570247933,0.5,-0.41304758191108704,-0.11541572213172913,0.013531815260648727
protonce_relative_energy,hard_negative,0.42210098140495866,0.5632102272727273,-2.4941964926719664,-3.1960227489471436,-3.003143310546875
protonce_relative_energy,random_negative,0.05120092975206614,0.5,-5.09564208984375,-3.1960227489471436,-1.155856966972351
protonce_relative_energy,all_negative,0.2366509555785124,0.5,-5.09564208984375,-3.1960227489471436,-2.079500198364258
ridge_linear_probe,hard_negative,0.6164207773760331,0.5901988636363636,0.20328740701079367,0.3065301775932312,0.19959376752376556
ridge_linear_probe,random_negative,0.9588794550619836,0.9552556818181819,-0.3690841828584671,0.3065301775932312,-0.8322136402130127
ridge_linear_probe,all_negative,0.7876501162190083,0.7350852272727273,-0.10863888502120972,0.3065301775932312,-0.31630995869636536
