held_group,held_group_name,held_images,method,negative_group,positive_count,negative_count,auc,balanced_accuracy,threshold,positive_mean,negative_mean
0,2022-06-28_11_11_09.kfb,5,class_prototype_logit,hard_negative,320,80,0.4908203125,0.5296875,1.0002479515075684,0.478344202041626,0.49155035614967346
0,2022-06-28_11_11_09.kfb,5,class_prototype_logit,random_negative,320,80,0.9869140625,0.9796875,-0.7471182403564453,0.478344202041626,-5.077932834625244
0,2022-06-28_11_11_09.kfb,5,class_prototype_logit,all_negative,320,160,0.7388671875,0.7437499999999999,-0.6712564659118654,0.478344202041626,-2.2931911945343018
0,2022-06-28_11_11_09.kfb,5,nearest_class_margin,hard_negative,320,80,0.5487109375,0.5640624999999999,-0.01489441541582346,-0.005465234164148569,-0.018666690215468407
0,2022-06-28_11_11_09.kfb,5,nearest_class_margin,random_negative,320,80,0.9793749999999999,0.975,-0.2852411190867424,-0.005465234164148569,-0.5079498291015625
0,2022-06-28_11_11_09.kfb,5,nearest_class_margin,all_negative,320,160,0.7640429687500001,0.7375,-0.2481243177950381,-0.005465234164148569,-0.26330825686454773
0,2022-06-28_11_11_09.kfb,5,ridge_linear_probe,hard_negative,320,80,0.62046875,0.61875,0.6063121153116227,0.5150827169418335,0.4195038676261902
0,2022-06-28_11_11_09.kfb,5,ridge_linear_probe,random_negative,320,80,0.9726562499999999,0.975,-0.18842234271764752,0.5150827169418335,-0.8304985165596008
0,2022-06-28_11_11_09.kfb,5,ridge_linear_probe,all_negative,320,160,0.7965625,0.7375,-0.14329098376631721,0.5150827169418335,-0.20549730956554413
0,2022-06-28_11_11_09.kfb,5,teacher_score,hard_negative,320,80,0.350234375,0.5453125,0.9588696727752686,0.7346475720405579,0.8877852559089661
0,2022-06-28_11_11_09.kfb,5,teacher_score,random_negative,320,80,0.9953125,0.9859374999999999,0.0526600417345763,0.7346475720405579,0.012481940910220146
0,2022-06-28_11_11_09.kfb,5,teacher_score,all_negative,320,160,0.6727734375000001,0.7421875,0.05609090523421762,0.7346475720405579,0.45013362169265747
1,2022-06-28_11_13_25.kfb,14,class_prototype_logit,hard_negative,666,224,0.5374906156156156,0.5898420742170742,0.8742531023025513,0.35739243030548096,0.32003307342529297
1,2022-06-28_11_13_25.kfb,14,class_prototype_logit,random_negative,666,224,0.9929147897897896,0.9672484984984985,-2.862024389266966,0.35739243030548096,-5.017551422119141
1,2022-06-28_11_13_25.kfb,14,class_prototype_logit,all_negative,666,448,0.7652027027027026,0.7328734984984985,-2.870636281967163,0.35739243030548096,-2.348759174346924
1,2022-06-28_11_13_25.kfb,14,nearest_class_margin,hard_negative,666,224,0.5892320892320893,0.5949096417846418,0.00120123269711621,-0.027228575199842453,-0.045077402144670486
1,2022-06-28_11_13_25.kfb,14,nearest_class_margin,random_negative,666,224,0.9845224688974689,0.9612626018876018,-0.34463271152973174,-0.027228575199842453,-0.49976226687431335
1,2022-06-28_11_13_25.kfb,14,nearest_class_margin,all_negative,666,448,0.7868772790647791,0.7317172082797083,-0.32645289146900175,-0.027228575199842453,-0.27241984009742737
1,2022-06-28_11_13_25.kfb,14,ridge_linear_probe,hard_negative,666,224,0.6276343307593307,0.6073640604890604,0.1950659635066986,0.21873192489147186,0.09143093973398209
1,2022-06-28_11_13_25.kfb,14,ridge_linear_probe,random_negative,666,224,0.9645337301587301,0.9627842127842128,-0.6423088474273682,0.21873192489147186,-0.9214722514152527
1,2022-06-28_11_13_25.kfb,14,ridge_linear_probe,all_negative,666,448,0.7960840304590304,0.7375824485199485,-0.30542743921279897,0.21873192489147186,-0.4150206744670868
1,2022-06-28_11_13_25.kfb,14,teacher_score,hard_negative,666,224,0.5004088910338911,0.5969876126126126,0.9450192880630494,0.6931129693984985,0.7483870387077332
1,2022-06-28_11_13_25.kfb,14,teacher_score,random_negative,666,224,0.9969701844701845,0.9828734984984985,0.02804582476988434,0.6931129693984985,0.00765879126265645
1,2022-06-28_11_13_25.kfb,14,teacher_score,all_negative,666,448,0.7486895377520377,0.7406859984984985,0.02768096127361059,0.6931129693984985,0.3780229389667511
2,2022-06-28_11_14_35.kfb,560,class_prototype_logit,hard_negative,30472,8960,0.5951538575811987,0.5901201454262461,0.586224355697632,0.3411569893360138,0.22159124910831451
2,2022-06-28_11_14_35.kfb,560,class_prototype_logit,random_negative,30472,8960,0.9958291042362075,0.9805575903405468,-1.354508156776429,0.3411569893360138,-4.6959004402160645
2,2022-06-28_11_14_35.kfb,560,class_prototype_logit,all_negative,30472,17920,0.795491480908703,0.7407275092122042,-1.0306410827636723,0.3411569893360138,-2.2371551990509033
2,2022-06-28_11_14_35.kfb,560,nearest_class_margin,hard_negative,30472,8960,0.5979424722168829,0.5771672706559652,-0.005529941041022539,-0.012225923128426075,-0.03041738085448742
2,2022-06-28_11_14_35.kfb,560,nearest_class_margin,random_negative,30472,8960,0.9889737072734219,0.9739862912791134,-0.2236434188485146,-0.012225923128426075,-0.4676567614078522
2,2022-06-28_11_14_35.kfb,560,nearest_class_margin,all_negative,30472,17920,0.7934580897451524,0.7381375583674006,-0.21676276686787604,-0.012225923128426075,-0.24903705716133118
2,2022-06-28_11_14_35.kfb,560,ridge_linear_probe,hard_negative,30472,8960,0.6678578680545137,0.6259414087405768,0.28074569422006607,0.30736395716667175,0.1466398537158966
2,2022-06-28_11_14_35.kfb,560,ridge_linear_probe,random_negative,30472,8960,0.9778085465755448,0.9766581381502457,-0.47671618044376396,0.30736395716667175,-0.9371675848960876
2,2022-06-28_11_14_35.kfb,560,ridge_linear_probe,all_negative,30472,17920,0.8228332073150293,0.7481341550674155,-0.04701727268099785,0.30736395716667175,-0.39526382088661194
2,2022-06-28_11_14_35.kfb,560,teacher_score,hard_negative,30472,8960,0.6117790146340435,0.6417042548428533,0.8874855204820633,0.7366445064544678,0.6966485977172852
2,2022-06-28_11_14_35.kfb,560,teacher_score,random_negative,30472,8960,0.998551469528232,0.9883706763586243,0.025736372835934166,0.7366445064544678,0.0038887551054358482
2,2022-06-28_11_14_35.kfb,560,teacher_score,all_negative,30472,17920,0.8051652420811377,0.7434104831015828,0.0071635617436841305,0.7366445064544678,0.350268691778183
3,2022-06-28_11_15_54.kfb,898,class_prototype_logit,hard_negative,56141,14368,0.5164946256262419,0.559364543459399,0.8437273216247558,0.5070396661758423,0.560592770576477
3,2022-06-28_11_15_54.kfb,898,class_prototype_logit,random_negative,56141,14368,0.9959921817715647,0.9786165306756862,-1.4768920326232897,0.5070396661758423,-5.081075191497803
3,2022-06-28_11_15_54.kfb,898,class_prototype_logit,all_negative,56141,28736,0.7562434036989034,0.7380602623528756,-1.7110985984802238,0.5070396661758423,-2.2602415084838867
3,2022-06-28_11_15_54.kfb,898,nearest_class_margin,hard_negative,56141,14368,0.5552683474662051,0.5590369822151583,0.013245905190706257,-0.008359822444617748,-0.013597490265965462
3,2022-06-28_11_15_54.kfb,898,nearest_class_margin,random_negative,56141,14368,0.9898129558871198,0.9716470156532774,-0.16614036583900452,-0.008359822444617748,-0.505538821220398
3,2022-06-28_11_15_54.kfb,898,nearest_class_margin,all_negative,56141,28736,0.7725406516766625,0.7353770580737119,-0.21125890386104584,-0.008359822444617748,-0.25956815481185913
3,2022-06-28_11_15_54.kfb,898,ridge_linear_probe,hard_negative,56141,14368,0.6427129119078121,0.6135910669798192,0.34530127835273744,0.3116653263568878,0.17222847044467926
3,2022-06-28_11_15_54.kfb,898,ridge_linear_probe,random_negative,56141,14368,0.9786048376385597,0.9688467619897467,-0.43665809631347635,0.3116653263568878,-0.9249521493911743
3,2022-06-28_11_15_54.kfb,898,ridge_linear_probe,all_negative,56141,28736,0.8106588747731858,0.7352252199823274,-0.4124987912178037,0.3116653263568878,-0.3763618767261505
3,2022-06-28_11_15_54.kfb,898,teacher_score,hard_negative,56141,14368,0.5220831250273481,0.6050043381018974,0.931491003036499,0.7521246075630188,0.807393491268158
3,2022-06-28_11_15_54.kfb,898,teacher_score,random_negative,56141,14368,0.9978752578765945,0.9844293889869402,0.04105607345700265,0.7521246075630188,0.006615641992539167
3,2022-06-28_11_15_54.kfb,898,teacher_score,all_negative,56141,28736,0.7599791914519713,0.7411906673452331,0.018741291433572886,0.7521246075630188,0.40700456500053406
4,2022-06-28_11_16_48.kfb,540,class_prototype_logit,hard_negative,33689,8624,0.5916974635279784,0.5808054743043856,0.7992738494873047,0.5251865983009338,0.33441269397735596
4,2022-06-28_11_16_48.kfb,540,class_prototype_logit,random_negative,33689,8624,0.9921127595917058,0.9652840004205223,-2.338395179748535,0.5251865983009338,-4.491552829742432
4,2022-06-28_11_16_48.kfb,540,class_prototype_logit,all_negative,33689,17248,0.791905111559842,0.7332328657812972,-1.4449379587173472,0.5251865983009338,-2.0785703659057617
4,2022-06-28_11_16_48.kfb,540,nearest_class_margin,hard_negative,33689,8624,0.5941315578363278,0.5718747912464175,-0.02906465493142605,0.0003556481096893549,-0.028399767354130745
4,2022-06-28_11_16_48.kfb,540,nearest_class_margin,random_negative,33689,8624,0.9818812216139873,0.9545963831915318,-0.2697059116363524,0.0003556481096893549,-0.44715508818626404
4,2022-06-28_11_16_48.kfb,540,nearest_class_margin,all_negative,33689,17248,0.7880063897251577,0.7297951494726592,-0.19861612713336932,0.0003556481096893549,-0.23777742683887482
4,2022-06-28_11_16_48.kfb,540,ridge_linear_probe,hard_negative,33689,8624,0.6832552738348611,0.640128731811901,0.3948366868495941,0.4110463261604309,0.24269163608551025
4,2022-06-28_11_16_48.kfb,540,ridge_linear_probe,random_negative,33689,8624,0.9720748078117801,0.9674921916866881,-0.3946314241886139,0.4110463261604309,-0.8901100754737854
4,2022-06-28_11_16_48.kfb,540,ridge_linear_probe,all_negative,33689,17248,0.8276650408233206,0.7458009879437973,0.09766677200794213,0.4110463261604309,-0.3237091898918152
4,2022-06-28_11_16_48.kfb,540,teacher_score,hard_negative,33689,8624,0.6004419841680732,0.6463441967756909,0.937065999507904,0.7977145314216614,0.8128554821014404
4,2022-06-28_11_16_48.kfb,540,teacher_score,random_negative,33689,8624,0.9980458014378052,0.9838610041065908,0.04216316744685202,0.7977145314216614,0.007429347839206457
4,2022-06-28_11_16_48.kfb,540,teacher_score,all_negative,33689,17248,0.7992438928029392,0.7406591583160186,0.02091708059608941,0.7977145314216614,0.4101423919200897
5,2022-06-28_11_18_14.kfb,15,class_prototype_logit,hard_negative,960,240,0.6101345486111112,0.6114583333333333,0.629127911567688,0.5232643485069275,0.42988312244415283
5,2022-06-28_11_18_14.kfb,15,class_prototype_logit,random_negative,960,240,0.9920833333333332,0.9713541666666667,-0.6941460609436029,0.5232643485069275,-4.980055809020996
5,2022-06-28_11_18_14.kfb,15,class_prototype_logit,all_negative,960,480,0.8011089409722222,0.7348958333333333,-0.7552291603088375,0.5232643485069275,-2.2750861644744873
5,2022-06-28_11_18_14.kfb,15,nearest_class_margin,hard_negative,960,240,0.6142968750000001,0.6151041666666667,0.014190896246582273,0.0036863142158836126,-0.01451584417372942
5,2022-06-28_11_18_14.kfb,15,nearest_class_margin,random_negative,960,240,0.9775347222222222,0.9640625,-0.22742632570862767,0.0036863142158836126,-0.4980478584766388
5,2022-06-28_11_18_14.kfb,15,nearest_class_margin,all_negative,960,480,0.7959157986111111,0.73125,-0.2681490067839626,0.0036863142158836126,-0.25628185272216797
5,2022-06-28_11_18_14.kfb,15,ridge_linear_probe,hard_negative,960,240,0.5790668402777778,0.5708333333333333,0.5452133764028549,0.5769789218902588,0.517898678779602
5,2022-06-28_11_18_14.kfb,15,ridge_linear_probe,random_negative,960,240,0.9583420138888888,0.965625,-0.07727057254314376,0.5769789218902588,-0.8498856425285339
5,2022-06-28_11_18_14.kfb,15,ridge_linear_probe,all_negative,960,480,0.7687044270833334,0.7364583333333333,0.15116186499595638,0.5769789218902588,-0.16599346697330475
5,2022-06-28_11_18_14.kfb,15,teacher_score,hard_negative,960,240,0.5646267361111111,0.6229166666666667,0.9243864883184433,0.7663501501083374,0.8037728071212769
5,2022-06-28_11_18_14.kfb,15,teacher_score,random_negative,960,240,0.9961805555555555,0.9791666666666666,0.09277876019477838,0.7663501501083374,0.010934016667306423
5,2022-06-28_11_18_14.kfb,15,teacher_score,all_negative,960,480,0.7804036458333334,0.7359374999999999,0.02254291817545891,0.7663501501083374,0.40735340118408203
6,2022-06-28_11_20_39.kfb,11,class_prototype_logit,hard_negative,704,176,0.42408638946280997,0.5163352272727273,1.978574371337891,0.9047086834907532,1.135204553604126
6,2022-06-28_11_20_39.kfb,11,class_prototype_logit,random_negative,704,176,0.9840118155991735,0.9566761363636364,-2.142491649627688,0.9047086834907532,-4.462052345275879
6,2022-06-28_11_20_39.kfb,11,class_prototype_logit,all_negative,704,352,0.7040491025309917,0.7286931818181819,-2.5109724235534716,0.9047086834907532,-1.6634238958358765
6,2022-06-28_11_20_39.kfb,11,nearest_class_margin,hard_negative,704,176,0.4697104209710744,0.515625,0.1946881677210331,0.0302437711507082,0.04226561263203621
6,2022-06-28_11_20_39.kfb,11,nearest_class_margin,random_negative,704,176,0.9722930655991736,0.9438920454545454,-0.33304862684011455,0.0302437711507082,-0.4454682171344757
6,2022-06-28_11_20_39.kfb,11,nearest_class_margin,all_negative,704,352,0.7210017432851239,0.7201704545454546,-0.3324619793891907,0.0302437711507082,-0.2016012817621231
6,2022-06-28_11_20_39.kfb,11,ridge_linear_probe,hard_negative,704,176,0.6363152117768595,0.6171875,0.5547024624347687,0.5563659071922302,0.4600677788257599
6,2022-06-28_11_20_39.kfb,11,ridge_linear_probe,random_negative,704,176,0.9623095299586776,0.9566761363636364,-0.08210658288002029,0.5563659071922302,-0.8683317303657532
6,2022-06-28_11_20_39.kfb,11,ridge_linear_probe,all_negative,704,352,0.7993123708677685,0.7294034090909091,-0.08183038622140885,0.5563659071922302,-0.20413197576999664
6,2022-06-28_11_20_39.kfb,11,teacher_score,hard_negative,704,176,0.36582354080578516,0.5433238636363636,0.9775942378044128,0.7203412652015686,0.8749399185180664
6,2022-06-28_11_20_39.kfb,11,teacher_score,random_negative,704,176,0.993712874483471,0.9715909090909092,0.012874352037906685,0.7203412652015686,0.017180439084768295
6,2022-06-28_11_20_39.kfb,11,teacher_score,all_negative,704,352,0.6797682076446281,0.7350852272727273,0.027397556230425796,0.7203412652015686,0.4460601806640625
