epoch,regression_loss,classification_loss,weighted_prototype_loss,prototype_loss_raw,prototype_positive,prototype_rejected_positive,prototype_hard_background,prototype_random_background,prototype_positive_margin_mean,prototype_positive_margin_p10,prototype_positive_margin_p50,prototype_positive_margin_p90,prototype_positive_correct_rate,prototype_background_margin_mean,prototype_background_margin_p10,prototype_background_margin_p50,prototype_background_margin_p90,prototype_background_correct_rate,prototype_hard_background_correct_rate,prototype_random_background_correct_rate,prototype_loss_positive,prototype_loss_background,prototype_loss_hard_background,prototype_loss_random_background,prototype_loss_mode_source_weighted,raw_score_positive_mean,raw_score_rejected_positive_mean,raw_score_hard_background_mean,raw_score_random_background_mean,prototype_match_distance_p50,prototype_match_distance_p90,gradient_all_proto_cls_ratio,gradient_all_cosine,optimizer_total_grad_norm_before_clip,optimizer_total_grad_norm_max,optimizer_clip_rate,train_batches_processed,train_batches_available,train_batch_fraction,foreground_queue,background_queue,foreground_effective_prototypes,background_effective_prototypes,foreground_background_similarity_mean,foreground_background_similarity_max,worst_cross_foreground_index,worst_cross_background_index,worst_cross_foreground_assignment_share,worst_cross_background_assignment_share,foreground_center_drift_cosine,background_center_drift_cosine,foreground_fresh_old_alignment_cosine,background_fresh_old_alignment_cosine,foreground_updated_fresh_cosine,background_updated_fresh_cosine,fresh_foreground_background_similarity_mean,fresh_foreground_background_similarity_max,projector_probe_drift_cosine,projector_probe_initialized_now,foreground_reinitialized,background_reinitialized,sampling_step,prototype_refresh_count,prototype_epoch_refresh_events,prototype_epoch_refresh_pre_positive_correct_rate,prototype_epoch_refresh_post_positive_correct_rate,prototype_epoch_refresh_pre_background_correct_rate,prototype_epoch_refresh_post_background_correct_rate,prototype_epoch_refresh_positive_correct_gain,prototype_epoch_refresh_background_correct_gain,prototype_epoch_refresh_projector_drift_min,prototype_epoch_refresh_center_age_max,prototype_epoch_refresh_reprojected_rate,ft_proto_positive,ft_proto_positive_used,ft_proto_rejected_positive,ft_proto_hard_negative,ft_proto_random_negative,ft_proto_ignored_near,ft_proto_loss_raw,ft_proto_online_negative_used_for_bank,ft_proto_fixed_state_unchanged,ft_proto_negative_bank_count,ft_proto_negative_sample_count,ft_proto_positive_similarity_mean,ft_proto_positive_similarity_p10,ft_proto_positive_similarity_p50,ft_proto_positive_similarity_p90,ft_proto_negative_similarity_mean,ft_proto_negative_similarity_p10,ft_proto_negative_similarity_p50,ft_proto_negative_similarity_p90,ft_proto_raw_score_positive_mean,ft_proto_raw_score_hard_negative_mean,ft_proto_positive_acceptance_rate,ft_proto_positive_vs_fixed_negative_accuracy,ft_proto_effective_foreground_prototypes,ft_proto_similarity_gap_mean,ft_proto_similarity_gap_p10,ft_proto_similarity_gap_p50,ft_proto_similarity_gap_p90,ft_proto_online_hard_similarity_mean,ft_proto_online_random_similarity_mean,ft_proto_assignment_share_0,ft_proto_assignment_share_1,ft_proto_assignment_share_2,ft_proto_assignment_share_3
0,93.33090260997415,27.080891034333035,9.105634271167219,,,,,,,,,,,,,,,,,,,,,,,,,,,,,2.293972834944725,0.015153662208467722,1.3121509742900277,16.482961654663086,1.0,1021.0,1021.0,1.0,,,,,,,,,,,,,,,,,,,,,,,,0.0,0.0,,,,,,,,,,,,,,,,,,,,,,,,,,,,,,,,,,,,,,,,,,,
1,92.74955071881413,27.257836336968467,8.231356558389962,,,,,,,,,,,,,,,,,,,,,,,,,,,,,1.3816010281443596,0.044041680125519636,1.2985264803123286,20.253942489624023,1.0,1021.0,1021.0,1.0,,,,,,,,,,,,,,,,,,,,,,,,0.0,0.0,,,,,,,,,,,,,,,,,,,,,,,,,,,,,,,,,,,,,,,,,,,
2,91.83460863307118,27.68059743894264,8.050226503517479,,,,,,,,,,,,,,,,,,,,,,,,,,,,,1.257261547446251,0.07331359190866352,1.3498754876717765,37.844146728515625,1.0,1021.0,1021.0,1.0,,,,,,,,,,,,,,,,,,,,,,,,0.0,0.0,,,,,,,,,,,,,,,,,,,,,,,,,,,,,,,,,,,,,,,,,,,
3,95.1369127035141,27.81334067787975,7.88673700671643,,,,,,,,,,,,,,,,,,,,,,,,,,,,,0.938773262500763,0.0525993284303695,1.1885406536932206,12.644975662231445,1.0,1021.0,1021.0,1.0,,,,,,,,,,,,,,,,,,,,,,,,0.0,0.0,,,,,,,,,,,,,,,,,,,,,,,,,,,,,,,,,,,,,,,,,,,
4,94.29192174226046,28.11290937382728,7.895388944540173,,,,,,,,,,,,,,,,,,,,,,,,,,,,,1.335091483592987,0.047289237333461645,1.2590579921771918,16.687015533447266,1.0,1021.0,1021.0,1.0,,,,,,,,,,,,,,,,,,,,,,,,0.0,0.0,,,,,,,,,,,,,,,,,,,,,,,,,,,,,,,,,,,,,,,,,,,
5,94.81090598553419,28.55087247863412,7.894817311316729,,,,,,,,,,,,,,,,,,,,,,,,,,,,,0.999251164495945,0.1160448937676847,1.1935219630584428,53.680599212646484,1.0,1021.0,1021.0,1.0,,,,,,,,,,,,,,,,,,,,,,,,0.0,0.0,,,,,,,,,,,,,,,,,,,,,,,,,,,,,,,,,,,,,,,,,,,
6,94.44832449033856,28.62460697768256,7.854842068161815,,,,,,,,,,,,,,,,,,,,,,,,,,,,,0.9665369838476181,0.015514177549630404,1.1849814756434998,12.953301429748535,1.0,1021.0,1021.0,1.0,,,,,,,,,,,,,,,,,,,,,,,,0.0,0.0,,,,,,,,,,,,,,,,,,,,,,,,,,,,,,,,,,,,,,,,,,,
7,96.61244177818298,28.610529848141596,7.835452533327043,,,,,,,,,,,,,,,,,,,,,,,,,,,,,1.015455237030983,0.08936370816081762,1.1549412158922632,10.861610412597656,1.0,1021.0,1021.0,1.0,,,,,,,,,,,,,,,,,,,,,,,,0.0,0.0,,,,,,,,,,,,,,,,,,,,,,,,,,,,,,,,,,,,,,,,,,,
8,94.7225728109479,28.635003467090428,7.792199241463095,,,,,,,,,,,,,,,,,,,,,,,,,,,,,1.182030576467514,0.01774258930236101,1.1053092687825847,11.201079368591309,1.0,1021.0,1021.0,1.0,,,,,,,,,,,,,,,,,,,,,,,,0.0,0.0,,,,,,,,,,,,,,,,,,,,,,,,,,,,,,,,,,,,,,,,,,,
9,96.67403688654304,28.49477063724771,7.758227740414441,,,,,,,,,,,,,,,,,,,,,,,,,,,,,1.2463299497961997,0.021403372974600644,1.0770986690227011,12.50664234161377,1.0,1021.0,1021.0,1.0,,,,,,,,,,,,,,,,,,,,,,,,0.0,0.0,,,,,,,,,,,,,,,,,,,,,,,,,,,,,,,,,,,,,,,,,,,
10,96.07179610803723,28.56191649241373,7.7436201074160635,,,,,,,,,,,,,,,,,,,,,,,,,,,,,1.6456490397453307,0.03570316373370588,1.151875047212016,8.306127548217773,1.0,1021.0,1021.0,1.0,,,,,,,,,,,,,,,,,,,,,,,,0.0,0.0,,,,,,,,,,,,,,,,,,,,,,,,,,,,,,,,,,,,,,,,,,,
11,95.59875583648682,28.604272647295147,7.776021252851933,,,,,,,,,,,,,,,,,,,,,,,,,,,,,0.8883121907711029,0.015930497256340458,1.2243021942609438,20.783872604370117,1.0,1021.0,1021.0,1.0,,,,,,,,,,,,,,,,,,,,,,,,0.0,0.0,,,,,,,,,,,,,,,,,,,,,,,,,,,,,,,,,,,,,,,,,,,
12,94.99866381287575,28.560529445530847,7.718394061084837,,,,,,,,,,,,,,,,,,,,,,,,,,,,,2.27731314599514,0.037129572313278916,1.1764344302435696,15.19441032409668,1.0,1021.0,1021.0,1.0,,,,,,,,,,,,,,,,,,,,,,,,0.0,0.0,,,,,,,,,,,,,,,,,,,,,,,,,,,,,,,,,,,,,,,,,,,
13,94.91260549798608,28.51644955459051,7.752752509899437,,,,,,,,,,,,,,,,,,,,,,,,,,,,,1.4245935738086701,0.05724036479368806,1.2349646655107456,14.531102180480957,1.0,1021.0,1021.0,1.0,,,,,,,,,,,,,,,,,,,,,,,,0.0,0.0,,,,,,,,,,,,,,,,,,,,,,,,,,,,,,,,,,,,,,,,,,,
14,95.13543616235256,28.51605383073911,7.638976600486785,,,,,,,,,,,,,,,,,,,,,,,,,,,,,1.0986562579870225,0.03437437834218145,1.1365493674644878,9.782207489013672,1.0,1021.0,1021.0,1.0,,,,,,,,,,,,,,,,,,,,,,,,0.0,0.0,,,,,,,,,,,,,,,,,,,,,,,,,,,,,,,,,,,,,,,,,,,
15,95.20107060670853,28.533565500285476,7.653236644342542,,,,,,,,,,,,,,,,,,,,,,,,,,,,,0.9829772174358368,0.09981903940206394,1.148245310077004,13.190481185913086,1.0,1021.0,1021.0,1.0,,,,,,,,,,,,,,,,,,,,,,,,0.0,0.0,,,,,,,,,,,,,,,,,,,,,,,,,,,,,,,,,,,,,,,,,,,
16,94.68215503916144,28.569971857592463,7.61892226152122,,,,,,,,,,,,,,,,,,,,,,,,,,,,,1.0812915563583374,0.06798690648283809,1.1053699225216491,18.30000114440918,1.0,1021.0,1021.0,1.0,,,,,,,,,,,,,,,,,,,,,,,,0.0,0.0,,,,,,,,,,,,,,,,,,,,,,,,,,,,,,,,,,,,,,,,,,,
17,95.70783882960677,28.53251308389008,7.644984177779406,,,,,,,,,,,,,,,,,,,,,,,,,,,,,0.9371689394116401,-0.04721569519024342,1.1001466366149537,19.19408416748047,1.0,1021.0,1021.0,1.0,,,,,,,,,,,,,,,,,,,,,,,,0.0,0.0,,,,,,,,,,,,,,,,,,,,,,,,,,,,,,,,,,,,,,,,,,,
18,96.91985138319433,28.475551857613027,7.656279408372939,,,,,,,,,,,,,,,,,,,,,,,,,,,,,0.9398872837424278,-0.012421669997274875,1.1183269519822254,10.221500396728516,1.0,1021.0,1021.0,1.0,,,,,,,,,,,,,,,,,,,,,,,,0.0,0.0,,,,,,,,,,,,,,,,,,,,,,,,,,,,,,,,,,,,,,,,,,,
19,93.5907485820353,28.537617238471285,7.574260024353862,,,,,,,,,,,,,,,,,,,,,,,,,,,,,1.0038728147745133,0.017911310703493655,1.1859802818555205,21.329137802124023,1.0,1021.0,1021.0,1.0,,,,,,,,,,,,,,,,,,,,,,,,0.0,0.0,,,,,,,,,,,,,,,,,,,,,,,,,,,,,,,,,,,,,,,,,,,
20,94.43204982019961,28.422176090534776,7.596307727042586,,,,,,,,,,,,,,,,,,,,,,,,,,,,,0.8255150467157364,0.02945887208916247,1.1068337389380178,12.526451110839844,1.0,1021.0,1021.0,1.0,,,,,,,,,,,,,,,,,,,,,,,,0.0,0.0,,,,,,,,,,,,,,,,,,,,,,,,,,,,,,,,,,,,,,,,,,,
21,94.47226578742266,28.317550527164713,7.566938480827957,,,,,,,,,,,,,,,,,,,,,,,,,,,,,1.0966686189174653,0.031651535700075326,1.1840360812937711,11.457632064819336,1.0,1021.0,1021.0,1.0,,,,,,,,,,,,,,,,,,,,,,,,0.0,0.0,,,,,,,,,,,,,,,,,,,,,,,,,,,,,,,,,,,,,,,,,,,
22,94.25317489355803,28.447262435685843,7.564854223281145,,,,,,,,,,,,,,,,,,,,,,,,,,,,,1.3865537136793136,0.02884183181449771,1.2653208286533393,83.14038848876953,1.0,1021.0,1021.0,1.0,,,,,,,,,,,,,,,,,,,,,,,,0.0,0.0,,,,,,,,,,,,,,,,,,,,,,,,,,,,,,,,,,,,,,,,,,,
23,93.65417936071754,28.525683753192425,7.5339177045971155,,,,,,,,,,,,,,,,,,,,,,,,,,,,,1.7713712751865387,-0.04315033748280257,1.0881466702808946,12.587403297424316,1.0,1021.0,1021.0,1.0,,,,,,,,,,,,,,,,,,,,,,,,0.0,0.0,,,,,,,,,,,,,,,,,,,,,,,,,,,,,,,,,,,,,,,,,,,
24,94.40999758057296,28.589649764820933,7.611806435510516,,,,,,,,,,,,,,,,,,,,,,,,,,,,,1.6622599244117737,0.07223185119219125,1.227716902123142,16.26921844482422,1.0,1021.0,1021.0,1.0,,,,,,,,,,,,,,,,,,,,,,,,0.0,0.0,,,,,,,,,,,,,,,,,,,,,,,,,,,,,,,,,,,,,,,,,,,
25,94.61829681321979,28.243896812666208,7.526791639626026,,,,,,,,,,,,,,,,,,,,,,,,,,,,,1.097978901863098,0.07329673208296299,1.2329635336980531,47.389915466308594,1.0,1021.0,1021.0,1.0,,,,,,,,,,,,,,,,,,,,,,,,0.0,0.0,,,,,,,,,,,,,,,,,,,,,,,,,,,,,,,,,,,,,,,,,,,
26,94.40810653194785,28.386943011078984,7.554813454393297,,,,,,,,,,,,,,,,,,,,,,,,,,,,,0.9188230127096176,0.03747275876812637,1.1545894502659386,24.212406158447266,1.0,1021.0,1021.0,1.0,,,,,,,,,,,,,,,,,,,,,,,,0.0,0.0,,,,,,,,,,,,,,,,,,,,,,,,,,,,,,,,,,,,,,,,,,,
27,93.62446171976626,28.551866012625396,7.463909449055791,,,,,,,,,,,,,,,,,,,,,,,,,,,,,1.197665986418724,0.07828560173511505,1.178816605939454,30.19245719909668,1.0,1021.0,1021.0,1.0,,,,,,,,,,,,,,,,,,,,,,,,0.0,0.0,,,,,,,,,,,,,,,,,,,,,,,,,,,,,,,,,,,,,,,,,,,
28,93.60598394274712,28.33311361586675,7.465174443554133,,,,,,,,,,,,,,,,,,,,,,,,,,,,,1.1799564898014068,0.021206712035927923,1.2363497862094297,25.010953903198242,1.0,1021.0,1021.0,1.0,,,,,,,,,,,,,,,,,,,,,,,,0.0,0.0,,,,,,,,,,,,,,,,,,,,,,,,,,,,,,,,,,,,,,,,,,,
29,92.15998101979494,28.359490999486297,7.5024703303352,,,,,,,,,,,,,,,,,,,,,,,,,,,,,0.8776454389095306,0.01854269960895181,1.1084632918194857,12.208020210266113,1.0,1021.0,1021.0,1.0,,,,,,,,,,,,,,,,,,,,,,,,0.0,0.0,,,,,,,,,,,,,,,,,,,,,,,,,,,,,,,,,,,,,,,,,,,
30,93.49834179505706,28.300708177965134,7.472505277488381,,,,,,,,,,,,,,,,,,,,,,,,,,,,,1.098527306318283,0.1096942733740434,1.1149101044971725,9.992158889770508,1.0,1021.0,1021.0,1.0,,,,,,,,,,,,,,,,,,,,,,,,0.0,0.0,,,,,,,,,,,,,,,,,,,,,,,,,,,,,,,,,,,,,,,,,,,
31,95.30803214013577,28.190615113824606,7.496236564591527,,,,,,,,,,,,,,,,,,,,,,,,,,,,,1.8152190744876862,0.0489696410484612,1.106064020157094,9.327978134155273,1.0,1021.0,1021.0,1.0,,,,,,,,,,,,,,,,,,,,,,,,0.0,0.0,,,,,,,,,,,,,,,,,,,,,,,,,,,,,,,,,,,,,,,,,,,
32,94.4439893104136,28.281285228207707,7.497294603381306,,,,,,,,,,,,,,,,,,,,,,,,,,,,,1.0161876693367957,8.038642117753625e-05,1.166530495934575,30.61069107055664,1.0,1021.0,1021.0,1.0,,,,,,,,,,,,,,,,,,,,,,,,0.0,0.0,,,,,,,,,,,,,,,,,,,,,,,,,,,,,,,,,,,,,,,,,,,
33,94.84584784135222,28.228168414905667,7.447595683392137,,,,,,,,,,,,,,,,,,,,,,,,,,,,,0.9833888947963715,0.04583120201714337,1.2643503681569561,19.891969680786133,1.0,1021.0,1021.0,1.0,,,,,,,,,,,,,,,,,,,,,,,,0.0,0.0,,,,,,,,,,,,,,,,,,,,,,,,,,,,,,,,,,,,,,,,,,,
34,92.98258043080568,28.124209846486337,7.447617204859853,,,,,,,,,,,,,,,,,,,,,,,,,,,,,1.106621725857258,0.10081106768921018,1.2937560958913679,27.654598236083984,1.0,1021.0,1021.0,1.0,,,,,,,,,,,,,,,,,,,,,,,,0.0,0.0,,,,,,,,,,,,,,,,,,,,,,,,,,,,,,,,,,,,,,,,,,,
35,94.83542901650071,28.08937168121338,7.421367319766432,,,,,,,,,,,,,,,,,,,,,,,,,,,,,1.0823502779006957,0.04323152448050678,1.2586885328449302,13.395709991455078,1.0,1021.0,1021.0,1.0,,,,,,,,,,,,,,,,,,,,,,,,0.0,0.0,,,,,,,,,,,,,,,,,,,,,,,,,,,,,,,,,,,,,,,,,,,
36,94.54565334878862,27.967886592727154,7.418538013938814,,,,,,,,,,,,,,,,,,,,,,,,,,,,,1.0778303623199463,0.015313980530481785,1.2155099617395766,13.52998161315918,1.0,1021.0,1021.0,1.0,,,,,,,,,,,,,,,,,,,,,,,,0.0,0.0,,,,,,,,,,,,,,,,,,,,,,,,,,,,,,,,,,,,,,,,,,,
37,94.8668766580522,27.94342265697196,7.387755841948092,,,,,,,,,,,,,,,,,,,,,,,,,,,,,1.2480356603860856,0.07108889750670641,1.2240687879596004,13.69135856628418,1.0,1021.0,1021.0,1.0,,,,,,,,,,,,,,,,,,,,,,,,0.0,0.0,,,,,,,,,,,,,,,,,,,,,,,,,,,,,,,,,,,,,,,,,,,
38,91.8190833516419,28.089751377236098,7.422296006698161,,,,,,,,,,,,,,,,,,,,,,,,,,,,,1.1857761949300767,0.008207483030855656,1.2974819953422938,28.01279067993164,1.0,1021.0,1021.0,1.0,,,,,,,,,,,,,,,,,,,,,,,,0.0,0.0,,,,,,,,,,,,,,,,,,,,,,,,,,,,,,,,,,,,,,,,,,,
39,90.64688594639301,28.116349163698032,7.394560583867133,,,,,,,,,,,,,,,,,,,,,,,,,,,,,1.7346051633358002,-0.023121501598507167,1.188381700686213,31.395410537719727,1.0,1021.0,1021.0,1.0,,,,,,,,,,,,,,,,,,,,,,,,0.0,0.0,,,,,,,,,,,,,,,,,,,,,,,,,,,,,,,,,,,,,,,,,,,
40,91.88987375795841,27.94289812957868,7.378873914014548,,,,,,,,,,,,,,,,,,,,,,,,,,,,,1.048890435695648,0.08402232159860432,1.2200806677691733,17.326444625854492,1.0,1021.0,1021.0,1.0,,,,,,,,,,,,,,,,,,,,,,,,0.0,0.0,,,,,,,,,,,,,,,,,,,,,,,,,,,,,,,,,,,,,,,,,,,
41,93.7534579411149,27.824767612619326,7.350608178880066,,,,,,,,,,,,,,,,,,,,,,,,,,,,,1.3507640361785889,0.04584022215567529,1.1302774233577535,9.967696189880371,1.0,1021.0,1021.0,1.0,,,,,,,,,,,,,,,,,,,,,,,,0.0,0.0,,,,,,,,,,,,,,,,,,,,,,,,,,,,,,,,,,,,,,,,,,,
42,92.49371231719851,27.918593225767836,7.440222422592342,,,,,,,,,,,,,,,,,,,,,,,,,,,,,0.8189480066299438,0.04504306335002184,1.2799927674007696,9.560357093811035,1.0,1021.0,1021.0,1.0,,,,,,,,,,,,,,,,,,,,,,,,0.0,0.0,,,,,,,,,,,,,,,,,,,,,,,,,,,,,,,,,,,,,,,,,,,
43,92.69629275426269,27.94031096622348,7.3452994748950005,,,,,,,,,,,,,,,,,,,,,,,,,,,,,1.1591282725334167,0.015592417307198047,1.301239014518366,22.321767807006836,1.0,1021.0,1021.0,1.0,,,,,,,,,,,,,,,,,,,,,,,,0.0,0.0,,,,,,,,,,,,,,,,,,,,,,,,,,,,,,,,,,,,,,,,,,,
44,92.33960351347923,27.855996211292222,7.35101258661598,,,,,,,,,,,,,,,,,,,,,,,,,,,,,1.3772460103034974,-0.014756847312673927,1.213160326005663,49.104530334472656,1.0,1021.0,1021.0,1.0,,,,,,,,,,,,,,,,,,,,,,,,0.0,0.0,,,,,,,,,,,,,,,,,,,,,,,,,,,,,,,,,,,,,,,,,,,
45,91.20274199917912,27.73108025919646,7.344338945578784,,,,,,,,,,,,,,,,,,,,,,,,,,,,,1.2678819298744202,0.12034413423389197,1.1859789520764794,11.881258964538574,1.0,1021.0,1021.0,1.0,,,,,,,,,,,,,,,,,,,,,,,,0.0,0.0,,,,,,,,,,,,,,,,,,,,,,,,,,,,,,,,,,,,,,,,,,,
46,91.7464014030993,27.874124543741345,7.3329044370912015,,,,,,,,,,,,,,,,,,,,,,,,,,,,,0.7964207649230957,0.09876844016835093,1.2441011717457262,12.927510261535645,1.0,1021.0,1021.0,1.0,,,,,,,,,,,,,,,,,,,,,,,,0.0,0.0,,,,,,,,,,,,,,,,,,,,,,,,,,,,,,,,,,,,,,,,,,,
47,90.73479849658906,27.741555358516052,7.340203861705959,,,,,,,,,,,,,,,,,,,,,,,,,,,,,1.6574507996439933,0.00901541393250227,1.2339290546857178,26.645679473876953,1.0,1021.0,1021.0,1.0,,,,,,,,,,,,,,,,,,,,,,,,0.0,0.0,,,,,,,,,,,,,,,,,,,,,,,,,,,,,,,,,,,,,,,,,,,
48,88.78605906292796,27.82003247225657,7.329986432567239,,,,,,,,,,,,,,,,,,,,,,,,,,,,,1.3902395367622375,0.06276961243711413,1.22251975153966,14.278657913208008,1.0,1021.0,1021.0,1.0,,,,,,,,,,,,,,,,,,,,,,,,0.0,0.0,,,,,,,,,,,,,,,,,,,,,,,,,,,,,,,,,,,,,,,,,,,
49,88.72215728089213,27.75148634146899,7.271701078861952,,,,,,,,,,,,,,,,,,,,,,,,,,,,,1.7795326635241508,0.05946569470688701,1.3657500519399894,15.370792388916016,1.0,1021.0,1021.0,1.0,,,,,,,,,,,,,,,,,,,,,,,,0.0,0.0,,,,,,,,,,,,,,,,,,,,,,,,,,,,,,,,,,,,,,,,,,,
50,88.0902869105339,27.62893716315739,7.262775166425854,,,,,,,,,,,,,,,,,,,,,,,,,,,,,1.2302404314279556,0.04699523937888443,1.2391045496349353,11.483097076416016,1.0,1021.0,1021.0,1.0,,,,,,,,,,,,,,,,,,,,,,,,0.0,0.0,,,,,,,,,,,,,,,,,,,,,,,,,,,,,,,,,,,,,,,,,,,
51,87.29495120979846,27.689034312730655,7.27730917185545,,,,,,,,,,,,,,,,,,,,,,,,,,,,,2.0994419142603875,0.06348725908901542,1.2111866565806158,15.677477836608887,1.0,1021.0,1021.0,1.0,,,,,,,,,,,,,,,,,,,,,,,,0.0,0.0,,,,,,,,,,,,,,,,,,,,,,,,,,,,,,,,,,,,,,,,,,,
52,88.93840867839754,27.607315660919994,7.278078777715564,,,,,,,,,,,,,,,,,,,,,,,,,,,,,1.760996150970459,0.06943164980039,1.168012306926066,12.114381790161133,1.0,1021.0,1021.0,1.0,,,,,,,,,,,,,,,,,,,,,,,,0.0,0.0,,,,,,,,,,,,,,,,,,,,,,,,,,,,,,,,,,,,,,,,,,,
53,88.9261960759759,27.55201829597354,7.24937786674127,,,,,,,,,,,,,,,,,,,,,,,,,,,,,1.0621190398931504,0.03527446705847979,1.3922362027509205,18.404829025268555,1.0,1021.0,1021.0,1.0,,,,,,,,,,,,,,,,,,,,,,,,0.0,0.0,,,,,,,,,,,,,,,,,,,,,,,,,,,,,,,,,,,,,,,,,,,
54,88.43824596889317,27.461664348840714,7.221567043568939,,,,,,,,,,,,,,,,,,,,,,,,,,,,,1.4916784107685088,-0.011170356656657532,1.2224485480995533,17.780887603759766,1.0,1021.0,1021.0,1.0,,,,,,,,,,,,,,,,,,,,,,,,0.0,0.0,,,,,,,,,,,,,,,,,,,,,,,,,,,,,,,,,,,,,,,,,,,
55,87.80408627539873,27.41226325579919,7.256161597091705,,,,,,,,,,,,,,,,,,,,,,,,,,,,,1.0474167436361312,0.07619141153991223,1.2454477089742721,23.41226577758789,1.0,1021.0,1021.0,1.0,,,,,,,,,,,,,,,,,,,,,,,,0.0,0.0,,,,,,,,,,,,,,,,,,,,,,,,,,,,,,,,,,,,,,,,,,,
56,89.58709600195289,27.404310666956007,7.229979533702135,,,,,,,,,,,,,,,,,,,,,,,,,,,,,0.9650669157505035,0.05121413366869092,1.2100950397777277,13.214214324951172,1.0,1021.0,1021.0,1.0,,,,,,,,,,,,,,,,,,,,,,,,0.0,0.0,,,,,,,,,,,,,,,,,,,,,,,,,,,,,,,,,,,,,,,,,,,
57,85.86289969459176,27.51021344587207,7.259638591203839,,,,,,,,,,,,,,,,,,,,,,,,,,,,,0.7543719738721848,0.024170303088612854,1.2940682661404923,12.79040813446045,1.0,1021.0,1021.0,1.0,,,,,,,,,,,,,,,,,,,,,,,,0.0,0.0,,,,,,,,,,,,,,,,,,,,,,,,,,,,,,,,,,,,,,,,,,,
58,87.29388128966093,27.427599743474275,7.238492948934436,,,,,,,,,,,,,,,,,,,,,,,,,,,,,1.1948307991027831,0.009043889818713069,1.225059467303064,12.192130088806152,1.0,1021.0,1021.0,1.0,,,,,,,,,,,,,,,,,,,,,,,,0.0,0.0,,,,,,,,,,,,,,,,,,,,,,,,,,,,,,,,,,,,,,,,,,,
59,88.83308045007288,27.417742752470076,7.208020564168692,,,,,,,,,,,,,,,,,,,,,,,,,,,,,1.7028745591640473,-0.020728625589981675,1.2352928124609004,20.238887786865234,1.0,1021.0,1021.0,1.0,,,,,,,,,,,,,,,,,,,,,,,,0.0,0.0,,,,,,,,,,,,,,,,,,,,,,,,,,,,,,,,,,,,,,,,,,,
60,86.4882651437074,27.456496838480234,7.231098259799182,,,,,,,,,,,,,,,,,,,,,,,,,,,,,1.1270241111516952,0.015852256584912537,1.3260387102840696,13.507803916931152,1.0,1021.0,1021.0,1.0,,,,,,,,,,,,,,,,,,,,,,,,0.0,0.0,,,,,,,,,,,,,,,,,,,,,,,,,,,,,,,,,,,,,,,,,,,
61,85.82966771349311,27.328416085569188,7.1890714825131,,,,,,,,,,,,,,,,,,,,,,,,,,,,,1.0989385098218918,0.023494875617325307,1.3272088506604736,62.403629302978516,1.0,1021.0,1021.0,1.0,,,,,,,,,,,,,,,,,,,,,,,,0.0,0.0,,,,,,,,,,,,,,,,,,,,,,,,,,,,,,,,,,,,,,,,,,,
62,86.07324712909758,27.33770718704909,7.204708676319569,,,,,,,,,,,,,,,,,,,,,,,,,,,,,0.96981939971447,0.01962370998226106,1.3197779423985028,12.516573905944824,1.0,1021.0,1021.0,1.0,,,,,,,,,,,,,,,,,,,,,,,,0.0,0.0,,,,,,,,,,,,,,,,,,,,,,,,,,,,,,,,,,,,,,,,,,,
63,87.91283602826297,27.225532836746424,7.176367283333093,,,,,,,,,,,,,,,,,,,,,,,,,,,,,1.5754848688840866,0.01543361828662455,1.417434253141532,12.543917655944824,1.0,1021.0,1021.0,1.0,,,,,,,,,,,,,,,,,,,,,,,,0.0,0.0,,,,,,,,,,,,,,,,,,,,,,,,,,,,,,,,,,,,,,,,,,,
64,86.41769096069038,27.233538990840316,7.143901431467384,,,,,,,,,,,,,,,,,,,,,,,,,,,,,0.85928895175457,0.0422639945987612,1.4065731918251363,16.152360916137695,1.0,1021.0,1021.0,1.0,,,,,,,,,,,,,,,,,,,,,,,,0.0,0.0,,,,,,,,,,,,,,,,,,,,,,,,,,,,,,,,,,,,,,,,,,,
65,85.88999698869884,27.17810786003247,7.129467824473977,,,,,,,,,,,,,,,,,,,,,,,,,,,,,1.105595698952675,0.07710778592154384,1.2330302462113125,13.432228088378906,1.0,1021.0,1021.0,1.0,,,,,,,,,,,,,,,,,,,,,,,,0.0,0.0,,,,,,,,,,,,,,,,,,,,,,,,,,,,,,,,,,,,,,,,,,,
66,86.32859592698514,27.152173675829545,7.179757020436227,,,,,,,,,,,,,,,,,,,,,,,,,,,,,1.3244171425700189,0.007260539219714701,1.3107928794523178,16.443265914916992,1.0,1021.0,1021.0,1.0,,,,,,,,,,,,,,,,,,,,,,,,0.0,0.0,,,,,,,,,,,,,,,,,,,,,,,,,,,,,,,,,,,,,,,,,,,
67,85.92381764762104,27.149348370498046,7.168759434483945,,,,,,,,,,,,,,,,,,,,,,,,,,,,,1.3089130729436875,0.03306451982352883,1.4526686311702186,20.578821182250977,1.0,1021.0,1021.0,1.0,,,,,,,,,,,,,,,,,,,,,,,,0.0,0.0,,,,,,,,,,,,,,,,,,,,,,,,,,,,,,,,,,,,,,,,,,,
68,86.44897288642824,27.015849405666813,7.1100426954217255,,,,,,,,,,,,,,,,,,,,,,,,,,,,,1.745342317223549,0.03527369340881705,1.299354405612133,19.773380279541016,1.0,1021.0,1021.0,1.0,,,,,,,,,,,,,,,,,,,,,,,,0.0,0.0,,,,,,,,,,,,,,,,,,,,,,,,,,,,,,,,,,,,,,,,,,,
69,85.43021435290575,27.151937352959067,7.091700482182205,,,,,,,,,,,,,,,,,,,,,,,,,,,,,1.125491863489151,-0.002507763251196593,1.3293258753859682,12.563331604003906,1.0,1021.0,1021.0,1.0,,,,,,,,,,,,,,,,,,,,,,,,0.0,0.0,,,,,,,,,,,,,,,,,,,,,,,,,,,,,,,,,,,,,,,,,,,
70,84.87977571971714,27.068000219995156,7.105069797486067,,,,,,,,,,,,,,,,,,,,,,,,,,,,,1.7695055067539216,-0.009451781096868218,1.310817423635085,13.21127700805664,1.0,1021.0,1021.0,1.0,,,,,,,,,,,,,,,,,,,,,,,,0.0,0.0,,,,,,,,,,,,,,,,,,,,,,,,,,,,,,,,,,,,,,,,,,,
71,86.58638012036681,27.06097966339439,7.089365598745644,,,,,,,,,,,,,,,,,,,,,,,,,,,,,1.2548826098442079,0.03886966835707426,1.197266268625082,11.040196418762207,1.0,1021.0,1021.0,1.0,,,,,,,,,,,,,,,,,,,,,,,,0.0,0.0,,,,,,,,,,,,,,,,,,,,,,,,,,,,,,,,,,,,,,,,,,,
72,86.60117101483047,26.932322497246787,7.06644487567246,,,,,,,,,,,,,,,,,,,,,,,,,,,,,1.1684963911771775,0.03245785040780902,1.2951661950811,12.45033073425293,1.0,1021.0,1021.0,1.0,,,,,,,,,,,,,,,,,,,,,,,,0.0,0.0,,,,,,,,,,,,,,,,,,,,,,,,,,,,,,,,,,,,,,,,,,,
73,85.71049154363573,26.91334293386899,7.055522128008306,,,,,,,,,,,,,,,,,,,,,,,,,,,,,0.998820248246193,0.03920046919956803,1.309089623865955,30.292539596557617,1.0,1021.0,1021.0,1.0,,,,,,,,,,,,,,,,,,,,,,,,0.0,0.0,,,,,,,,,,,,,,,,,,,,,,,,,,,,,,,,,,,,,,,,,,,
74,86.2423898987472,26.960482105612755,7.047048759646714,,,,,,,,,,,,,,,,,,,,,,,,,,,,,3.7262356638908387,0.006791708571836352,1.4262568325709175,23.94784927368164,1.0,1021.0,1021.0,1.0,,,,,,,,,,,,,,,,,,,,,,,,0.0,0.0,,,,,,,,,,,,,,,,,,,,,,,,,,,,,,,,,,,,,,,,,,,
75,83.95234398171306,27.04789348319173,7.094951666425914,,,,,,,,,,,,,,,,,,,,,,,,,,,,,2.1616202861070635,0.010603359271772205,1.2213050941995962,10.984024047851562,1.0,1021.0,1021.0,1.0,,,,,,,,,,,,,,,,,,,,,,,,0.0,0.0,,,,,,,,,,,,,,,,,,,,,,,,,,,,,,,,,,,,,,,,,,,
76,83.76092147827148,26.861054554581642,7.037382199894637,,,,,,,,,,,,,,,,,,,,,,,,,,,,,0.6950776815414429,0.05227419305592775,1.2838763693871158,13.909525871276855,1.0,1021.0,1021.0,1.0,,,,,,,,,,,,,,,,,,,,,,,,0.0,0.0,,,,,,,,,,,,,,,,,,,,,,,,,,,,,,,,,,,,,,,,,,,
77,84.61720328964293,26.854460655944422,7.060736899264157,,,,,,,,,,,,,,,,,,,,,,,,,,,,,1.3172587692737578,0.029095162032172085,1.4195599757375728,21.532743453979492,1.0,1021.0,1021.0,1.0,,,,,,,,,,,,,,,,,,,,,,,,0.0,0.0,,,,,,,,,,,,,,,,,,,,,,,,,,,,,,,,,,,,,,,,,,,
78,83.47161431610584,26.90437240106985,7.0341566894203424,,,,,,,,,,,,,,,,,,,,,,,,,,,,,1.9986329942941665,0.0013378516538068651,1.3005553655888262,16.915077209472656,1.0,1021.0,1021.0,1.0,,,,,,,,,,,,,,,,,,,,,,,,0.0,0.0,,,,,,,,,,,,,,,,,,,,,,,,,,,,,,,,,,,,,,,,,,,
79,83.6850409116596,26.947250083088875,7.00228281179443,,,,,,,,,,,,,,,,,,,,,,,,,,,,,1.556836771965027,0.13188285711221398,1.3621667088479184,19.80072021484375,1.0,1021.0,1021.0,1.0,,,,,,,,,,,,,,,,,,,,,,,,0.0,0.0,,,,,,,,,,,,,,,,,,,,,,,,,,,,,,,,,,,,,,,,,,,
80,83.59542071260512,26.856108787003905,7.014145200140774,,,,,,,,,,,,,,,,,,,,,,,,,,,,,1.5369078651070596,0.028156427177600564,1.3439695431716763,15.814220428466797,1.0,1021.0,1021.0,1.0,,,,,,,,,,,,,,,,,,,,,,,,0.0,0.0,,,,,,,,,,,,,,,,,,,,,,,,,,,,,,,,,,,,,,,,,,,
81,85.55625486373901,26.678377247415483,6.994935794267803,,,,,,,,,,,,,,,,,,,,,,,,,,,,,2.033996593952179,0.020912300713825972,1.3296991851724445,17.751174926757812,1.0,1021.0,1021.0,1.0,,,,,,,,,,,,,,,,,,,,,,,,0.0,0.0,,,,,,,,,,,,,,,,,,,,,,,,,,,,,,,,,,,,,,,,,,,
82,84.52958962507546,26.738631277810782,7.033755885902792,,,,,,,,,,,,,,,,,,,,,,,,,,,,,1.8137784078717232,0.03454797592712566,1.3780928783038453,16.648855209350586,1.0,1021.0,1021.0,1.0,,,,,,,,,,,,,,,,,,,,,,,,0.0,0.0,,,,,,,,,,,,,,,,,,,,,,,,,,,,,,,,,,,,,,,,,,,
83,84.58345265500247,26.801129167433828,7.0176734938286245,,,,,,,,,,,,,,,,,,,,,,,,,,,,,1.0258663713932037,0.055373394238995385,1.4134184284670228,30.253623962402344,1.0,1021.0,1021.0,1.0,,,,,,,,,,,,,,,,,,,,,,,,0.0,0.0,,,,,,,,,,,,,,,,,,,,,,,,,,,,,,,,,,,,,,,,,,,
84,83.86206075549126,26.71618032339029,7.020818289369345,,,,,,,,,,,,,,,,,,,,,,,,,,,,,1.3529698997735977,0.028013344015926124,1.3362484725664692,22.784746170043945,1.0,1021.0,1021.0,1.0,,,,,,,,,,,,,,,,,,,,,,,,0.0,0.0,,,,,,,,,,,,,,,,,,,,,,,,,,,,,,,,,,,,,,,,,,,
85,84.05901797674596,26.785598053829744,7.037610361818224,,,,,,,,,,,,,,,,,,,,,,,,,,,,,1.1753181368112564,0.08993569505400956,1.3727366995799786,15.720338821411133,1.0,1021.0,1021.0,1.0,,,,,,,,,,,,,,,,,,,,,,,,0.0,0.0,,,,,,,,,,,,,,,,,,,,,,,,,,,,,,,,,,,,,,,,,,,
86,83.59362720884383,26.745458240620792,7.017589391209185,,,,,,,,,,,,,,,,,,,,,,,,,,,,,1.0161073595285415,0.026825782522791997,1.2937985663024032,18.755451202392578,1.0,1021.0,1021.0,1.0,,,,,,,,,,,,,,,,,,,,,,,,0.0,0.0,,,,,,,,,,,,,,,,,,,,,,,,,,,,,,,,,,,,,,,,,,,
87,83.09847433306277,26.77993901260197,7.00215258076787,,,,,,,,,,,,,,,,,,,,,,,,,,,,,1.5702280580997467,0.05654129725880921,1.3672562605253513,15.292275428771973,1.0,1021.0,1021.0,1.0,,,,,,,,,,,,,,,,,,,,,,,,0.0,0.0,,,,,,,,,,,,,,,,,,,,,,,,,,,,,,,,,,,,,,,,,,,
88,83.04096319712698,26.752913421485573,6.982960089575499,,,,,,,,,,,,,,,,,,,,,,,,,,,,,2.004522976279259,0.0019466208294034004,1.266263712660923,19.900104522705078,1.0,1021.0,1021.0,1.0,,,,,,,,,,,,,,,,,,,,,,,,0.0,0.0,,,,,,,,,,,,,,,,,,,,,,,,,,,,,,,,,,,,,,,,,,,
89,82.3898590952158,26.755592418834567,6.9610421834513545,,,,,,,,,,,,,,,,,,,,,,,,,,,,,1.372275722026825,-0.026181255374103783,1.3145431832398538,11.0499267578125,1.0,1021.0,1021.0,1.0,,,,,,,,,,,,,,,,,,,,,,,,0.0,0.0,,,,,,,,,,,,,,,,,,,,,,,,,,,,,,,,,,,,,,,,,,,
90,83.74338450375944,26.706947725266218,6.983178080059588,,,,,,,,,,,,,,,,,,,,,,,,,,,,,1.9930738151073455,0.036594306817278266,1.3493765945474268,13.129950523376465,1.0,1021.0,1021.0,1.0,,,,,,,,,,,,,,,,,,,,,,,,0.0,0.0,,,,,,,,,,,,,,,,,,,,,,,,,,,,,,,,,,,,,,,,,,,
91,83.03209630399942,26.742681537754834,6.976462297141552,,,,,,,,,,,,,,,,,,,,,,,,,,,,,1.3555600851774217,0.049080172250978646,1.3403249002051751,16.752422332763672,1.0,1021.0,1021.0,1.0,,,,,,,,,,,,,,,,,,,,,,,,0.0,0.0,,,,,,,,,,,,,,,,,,,,,,,,,,,,,,,,,,,,,,,,,,,
92,83.34938338026404,26.69308406440541,6.998115511145443,,,,,,,,,,,,,,,,,,,,,,,,,,,,,1.2671157360076903,0.03388937450945377,1.337206450166011,14.060700416564941,1.0,1021.0,1021.0,1.0,,,,,,,,,,,,,,,,,,,,,,,,0.0,0.0,,,,,,,,,,,,,,,,,,,,,,,,,,,,,,,,,,,,,,,,,,,
93,84.30470078531653,26.67567207152024,6.963706790935248,,,,,,,,,,,,,,,,,,,,,,,,,,,,,1.2735452845692634,0.04494599695317447,1.3755926240844896,18.186206817626953,1.0,1021.0,1021.0,1.0,,,,,,,,,,,,,,,,,,,,,,,,0.0,0.0,,,,,,,,,,,,,,,,,,,,,,,,,,,,,,,,,,,,,,,,,,,
94,83.68447222746909,26.610941816587,6.986415883060545,,,,,,,,,,,,,,,,,,,,,,,,,,,,,1.1952701091766358,0.03949567987583578,1.3128549561094234,20.255678176879883,1.0,1021.0,1021.0,1.0,,,,,,,,,,,,,,,,,,,,,,,,0.0,0.0,,,,,,,,,,,,,,,,,,,,,,,,,,,,,,,,,,,,,,,,,,,
95,82.42017630301416,26.708317424170673,6.956999575253576,,,,,,,,,,,,,,,,,,,,,,,,,,,,,1.020917135477066,0.0524073819629848,1.3204205435473586,21.06922721862793,1.0,1021.0,1021.0,1.0,,,,,,,,,,,,,,,,,,,,,,,,0.0,0.0,,,,,,,,,,,,,,,,,,,,,,,,,,,,,,,,,,,,,,,,,,,
96,83.35850764252245,26.631690135225654,7.004684690851718,,,,,,,,,,,,,,,,,,,,,,,,,,,,,0.9153075307607651,0.051723965734709054,1.2677913791519186,24.490962982177734,1.0,1021.0,1021.0,1.0,,,,,,,,,,,,,,,,,,,,,,,,0.0,0.0,,,,,,,,,,,,,,,,,,,,,,,,,,,,,,,,,,,,,,,,,,,
97,83.02546477690339,26.718872781377286,6.984573331661522,,,,,,,,,,,,,,,,,,,,,,,,,,,,,1.1941876351833343,0.02665356984362006,1.407554144869822,20.82155418395996,1.0,1021.0,1021.0,1.0,,,,,,,,,,,,,,,,,,,,,,,,0.0,0.0,,,,,,,,,,,,,,,,,,,,,,,,,,,,,,,,,,,,,,,,,,,
98,84.1665750965476,26.630002685822546,7.006884649395943,,,,,,,,,,,,,,,,,,,,,,,,,,,,,1.3499871134757995,0.08393368925899267,1.36462616794957,17.491323471069336,1.0,1021.0,1021.0,1.0,,,,,,,,,,,,,,,,,,,,,,,,0.0,0.0,,,,,,,,,,,,,,,,,,,,,,,,,,,,,,,,,,,,,,,,,,,
99,83.93061397969723,26.664018819341436,6.986136137507856,,,,,,,,,,,,,,,,,,,,,,,,,,,,,1.0042999774217605,0.05014884201809764,1.3739402802637346,15.869821548461914,1.0,1021.0,1021.0,1.0,,,,,,,,,,,,,,,,,,,,,,,,0.0,0.0,,,,,,,,,,,,,,,,,,,,,,,,,,,,,,,,,,,,,,,,,,,
