held_group,held_group_name,epoch,train_loss,calibration_hard_auc,calibration_hard_min_auc,calibration_random_auc,selection_objective
0,2022-06-28_11_11_09.kfb,0,0.5122020410166847,0.7232394148294737,0.6640625,0.9542124877881001,0.8182394148294737
0,2022-06-28_11_11_09.kfb,1,0.4781800464347557,0.7320124907094435,0.677734375,0.9541119130653124,0.8270124907094435
0,2022-06-28_11_11_09.kfb,2,0.4651392598946889,0.7246918685607014,0.643798828125,0.962363804030689,0.8196918685607014
0,2022-06-28_11_11_09.kfb,3,0.46116644364816173,0.7435045513568804,0.6924913194444444,0.9583527225606682,0.8385045513568804
0,2022-06-28_11_11_09.kfb,4,0.4563523906248587,0.7389129610012146,0.7005208333333333,0.9684678461199949,0.8339129610012146
0,2022-06-28_11_11_09.kfb,5,0.45236691722163447,0.7391820646057049,0.7041015625,0.9685690657791072,0.8341820646057049
0,2022-06-28_11_11_09.kfb,6,0.4476823652232135,0.732542656316815,0.682861328125,0.9732603415120665,0.827542656316815
0,2022-06-28_11_11_09.kfb,7,0.4473967463881881,0.7388196359072093,0.697021484375,0.9627454601668396,0.8338196359072093
0,2022-06-28_11_11_09.kfb,8,0.44409976844434385,0.7378621896919343,0.686279296875,0.9720809007672219,0.8328621896919343
0,2022-06-28_11_11_09.kfb,9,0.4408484763569302,0.7385927284170126,0.701904296875,0.9666863632312492,0.8335927284170126
0,2022-06-28_11_11_09.kfb,10,0.43753071074132566,0.7404660385482972,0.704345703125,0.9655126482433506,0.8354660385482972
0,2022-06-28_11_11_09.kfb,11,0.4361444932443124,0.7376749384849542,0.71533203125,0.9662898946843835,0.8326749384849542
1,2022-06-28_11_13_25.kfb,0,0.5209793856850377,0.717376723806694,0.583984375,0.9535538072729027,0.812376723806694
1,2022-06-28_11_13_25.kfb,1,0.48010947306950885,0.7593046159761082,0.7224392361111112,0.9588467123436971,0.8543046159761082
1,2022-06-28_11_13_25.kfb,2,0.4699934555424584,0.7637512720661399,0.7460937500000001,0.9623394533860411,0.8587512720661399
1,2022-06-28_11_13_25.kfb,3,0.462457659067931,0.7572670192104588,0.716796875,0.964649666343837,0.8522670192104588
1,2022-06-28_11_13_25.kfb,4,0.45995058505623426,0.7643072255074032,0.7392578125,0.9674555933664717,0.8593072255074031
1,2022-06-28_11_13_25.kfb,5,0.453688167863422,0.7543298291991838,0.7074652777777779,0.9661291778823475,0.8493298291991838
1,2022-06-28_11_13_25.kfb,6,0.45219090470561274,0.7573290479877007,0.729275173611111,0.9657411375584006,0.8523290479877007
1,2022-06-28_11_13_25.kfb,7,0.44894291515703555,0.759362127940701,0.7060546875,0.9658144637810911,0.854362127940701
1,2022-06-28_11_13_25.kfb,8,0.4473352410175182,0.7619033495795368,0.7451171875,0.9667576712275309,0.8569033495795367
1,2022-06-28_11_13_25.kfb,9,0.4461989579377351,0.7417855853546654,0.6572265625,0.9656079368406293,0.8367855853546654
1,2022-06-28_11_13_25.kfb,10,0.4433606035179562,0.7638732451400219,0.7152777777777778,0.9632469815131429,0.8588732451400218
1,2022-06-28_11_13_25.kfb,11,0.4425118190270883,0.7577723843921008,0.7294921875,0.9637796178696648,0.8527723843921008
1,2022-06-28_11_13_25.kfb,12,0.43979304366641575,0.763763225793418,0.7392578125,0.9632525937056835,0.858763225793418
2,2022-06-28_11_14_35.kfb,0,0.5240387812256813,0.7147528093311748,0.650390625,0.9737514887440238,0.8097528093311748
2,2022-06-28_11_14_35.kfb,1,0.48748712092638014,0.7523701861146961,0.6659989316239316,0.9680210941197864,0.8473701861146961
2,2022-06-28_11_14_35.kfb,2,0.475178088247776,0.7644082603857615,0.6663995726495728,0.9691150453921623,0.8594082603857615
2,2022-06-28_11_14_35.kfb,3,0.4629905864596367,0.7677549506977185,0.6538461538461539,0.9708634466074358,0.8627549506977185
2,2022-06-28_11_14_35.kfb,4,0.4625993087887764,0.767173731032713,0.657986111111111,0.9738486124466174,0.862173731032713
2,2022-06-28_11_14_35.kfb,5,0.455484114587307,0.7496397729612824,0.6714743589743589,0.970604153893046,0.8446397729612823
2,2022-06-28_11_14_35.kfb,6,0.45482045859098436,0.7699636963018325,0.6697382478632479,0.9726329941695232,0.8649636963018325
2,2022-06-28_11_14_35.kfb,7,0.45054659992456436,0.7751503749224309,0.6746794871794872,0.9759421178191929,0.8701503749224309
2,2022-06-28_11_14_35.kfb,8,0.44932357519865035,0.7691766210997093,0.6626602564102565,0.970987301946026,0.8641766210997093
2,2022-06-28_11_14_35.kfb,9,0.44482032805681226,0.7819179910087405,0.6754807692307693,0.9724022853068816,0.8769179910087405
2,2022-06-28_11_14_35.kfb,10,0.43974725604057313,0.7773687380444744,0.6647970085470086,0.9754184012399439,0.8723687380444743
2,2022-06-28_11_14_35.kfb,11,0.4359256222844124,0.7764027343969172,0.6630608974358974,0.9772815656797839,0.8714027343969172
2,2022-06-28_11_14_35.kfb,12,0.4377456322312355,0.7696572242752212,0.6709401709401709,0.9748608476189581,0.8646572242752212
2,2022-06-28_11_14_35.kfb,13,0.43570325821638106,0.7767490287225586,0.671474358974359,0.9741584735604999,0.8717490287225585
2,2022-06-28_11_14_35.kfb,14,0.43623366355896,0.7773558970077312,0.657719017094017,0.9746979326717308,0.8723558970077312
2,2022-06-28_11_14_35.kfb,15,0.4329866856336594,0.7784801355341108,0.6646634615384615,0.9733009963859747,0.8734801355341107
2,2022-06-28_11_14_35.kfb,16,0.4323067933320999,0.7659484228404047,0.656917735042735,0.9759448549912753,0.8609484228404046
2,2022-06-28_11_14_35.kfb,17,0.4293815791606903,0.7757573466242095,0.6788194444444444,0.9771734360616091,0.8707573466242094
3,2022-06-28_11_15_54.kfb,0,0.5271882057189942,0.6789101368535763,0.560791015625,0.9794029415810129,0.7739101368535762
3,2022-06-28_11_15_54.kfb,1,0.49144969433546065,0.7441599415303117,0.7124565972222221,0.9652044937093422,0.8391599415303117
3,2022-06-28_11_15_54.kfb,2,0.4832405686378479,0.7529735640873985,0.6931423611111112,0.9714337412852668,0.8479735640873984
3,2022-06-28_11_15_54.kfb,3,0.4743316978216171,0.7749947172834338,0.7178819444444444,0.9688017515488613,0.8699947172834338
3,2022-06-28_11_15_54.kfb,4,0.4698570892214775,0.7703880162045648,0.7074652777777777,0.969189653951655,0.8653880162045647
3,2022-06-28_11_15_54.kfb,5,0.4662010744214058,0.7545173281715029,0.70849609375,0.9736466760988588,0.8495173281715028
3,2022-06-28_11_15_54.kfb,6,0.4627488061785698,0.7799830428296716,0.7137586805555556,0.9679074346283336,0.8749830428296715
3,2022-06-28_11_15_54.kfb,7,0.45934393256902695,0.771588888117876,0.7090928819444443,0.9693007385078981,0.8665888881178759
3,2022-06-28_11_15_54.kfb,8,0.45264752507209777,0.7697898740280662,0.7076822916666666,0.9769493772449528,0.8647898740280662
3,2022-06-28_11_15_54.kfb,9,0.44560872465372087,0.7601816389295789,0.68603515625,0.9777803631266169,0.8551816389295789
3,2022-06-28_11_15_54.kfb,10,0.4494293019175529,0.7723556330174576,0.7157118055555556,0.9746253435784126,0.8673556330174576
3,2022-06-28_11_15_54.kfb,11,0.44619787484407425,0.7648221836729235,0.7112630208333334,0.9740556173644158,0.8598221836729235
3,2022-06-28_11_15_54.kfb,12,0.44469797909259795,0.7619741396088239,0.6963975694444444,0.9771563498010921,0.8569741396088238
3,2022-06-28_11_15_54.kfb,13,0.4430133953690529,0.7686847034165046,0.7049696180555555,0.9707269466743268,0.8636847034165046
3,2022-06-28_11_15_54.kfb,14,0.43790444284677504,0.7644671704193061,0.705078125,0.9745716586104568,0.8594671704193061
4,2022-06-28_11_16_48.kfb,0,0.5359320849180221,0.7133824476683387,0.650390625,0.9489268373802613,0.8082751314063649
4,2022-06-28_11_16_48.kfb,1,0.49747739881277087,0.7441742575940049,0.6709401709401709,0.9516160771475123,0.8391742575940049
4,2022-06-28_11_16_48.kfb,2,0.4826783075928688,0.7590894911363932,0.6749465811965811,0.9525905814799634,0.8540894911363932
4,2022-06-28_11_16_48.kfb,3,0.4748044028878212,0.7566680793214923,0.688969017094017,0.9591339685638406,0.8516680793214922
4,2022-06-28_11_16_48.kfb,4,0.46699011921882627,0.7561765293256024,0.6844284188034188,0.9576614834110476,0.8511765293256024
4,2022-06-28_11_16_48.kfb,5,0.46339129358530046,0.7493332727536662,0.6774839743589743,0.9587050576883455,0.8443332727536662
4,2022-06-28_11_16_48.kfb,6,0.4603871017694473,0.7592542604988651,0.6981837606837606,0.9542954250424192,0.8542542604988651
4,2022-06-28_11_16_48.kfb,7,0.45655749291181563,0.7584487443830019,0.6883012820512822,0.9556588555527354,0.8534487443830019
4,2022-06-28_11_16_48.kfb,8,0.4533813014626503,0.7688402265710564,0.6956463675213675,0.9563467823056899,0.8638402265710564
4,2022-06-28_11_16_48.kfb,9,0.44967561662197114,0.7596137056663165,0.6793536324786326,0.9603471914150874,0.8546137056663164
4,2022-06-28_11_16_48.kfb,10,0.4483377680182457,0.7681817285743825,0.6903044871794872,0.9582219569237678,0.8631817285743825
4,2022-06-28_11_16_48.kfb,11,0.44569944590330124,0.7648949032398468,0.687900641025641,0.9611802403161231,0.8598949032398467
4,2022-06-28_11_16_48.kfb,12,0.4440286040306091,0.7531019226050154,0.6702724358974359,0.959789229399992,0.8481019226050154
4,2022-06-28_11_16_48.kfb,13,0.4455494999885559,0.7533596659948731,0.6777510683760685,0.9617698572494172,0.8483596659948731
4,2022-06-28_11_16_48.kfb,14,0.44234253764152526,0.7546132043895559,0.669738247863248,0.9610227211539611,0.8496132043895559
4,2022-06-28_11_16_48.kfb,15,0.4366461679339409,0.7461294506835316,0.6661324786324785,0.9559422316811266,0.8411294506835316
4,2022-06-28_11_16_48.kfb,16,0.43716737627983093,0.7468444717381609,0.6637286324786325,0.9617250583304783,0.8418444717381609
5,2022-06-28_11_18_14.kfb,0,0.5143307259789219,0.7622952232089307,0.694777397260274,0.9735791809430819,0.8572952232089307
5,2022-06-28_11_18_14.kfb,1,0.4801627883204707,0.7819119623216507,0.7221746575342466,0.9784338318043876,0.8769119623216507
5,2022-06-28_11_18_14.kfb,2,0.4688485617990847,0.777531834806012,0.711615296803653,0.9762430875044054,0.8725318348060119
5,2022-06-28_11_18_14.kfb,3,0.45897478417113974,0.7850435174403465,0.7030536529680366,0.977340628253423,0.8800435174403465
5,2022-06-28_11_18_14.kfb,4,0.4576684799459245,0.7680928409999602,0.6892123287671234,0.9785989724078575,0.8630928409999602
5,2022-06-28_11_18_14.kfb,5,0.4551179353837614,0.7776126497804072,0.728167808219178,0.9786719100720865,0.8726126497804072
5,2022-06-28_11_18_14.kfb,6,0.45141282346513534,0.7819287046026542,0.7148972602739726,0.9772415915698728,0.8769287046026542
5,2022-06-28_11_18_14.kfb,7,0.4490945416468161,0.7700162667771484,0.704052511415525,0.978331629426005,0.8650162667771484
5,2022-06-28_11_18_14.kfb,8,0.4471927903316639,0.7693879142850375,0.6875,0.9772868165404547,0.8643879142850375
5,2022-06-28_11_18_14.kfb,9,0.4475738682128765,0.7747219296114704,0.6992009132420091,0.9761643286332081,0.8697219296114703
5,2022-06-28_11_18_14.kfb,10,0.44045578991925277,0.7819552170859074,0.7275970319634704,0.9783602353440212,0.8769552170859074
5,2022-06-28_11_18_14.kfb,11,0.44561718459482547,0.7717846280663125,0.7168949771689499,0.9800791450883285,0.8667846280663125
6,2022-06-28_11_20_39.kfb,0,0.5252741696657958,0.7231531085385031,0.6123046875,0.9683996562622895,0.8181531085385031
6,2022-06-28_11_20_39.kfb,1,0.4850408147882532,0.7402531553424968,0.5844184027777777,0.972900135751523,0.8352531553424968
6,2022-06-28_11_20_39.kfb,2,0.4727468667206941,0.7526296103693322,0.688259548611111,0.9735853628369865,0.8476296103693322
6,2022-06-28_11_20_39.kfb,3,0.4661415020624797,0.758721958719874,0.6784939236111112,0.9765156716432509,0.853721958719874
6,2022-06-28_11_20_39.kfb,4,0.46103678478135,0.7631770851024166,0.6503906250000001,0.973242218562597,0.8581770851024165
6,2022-06-28_11_20_39.kfb,5,0.4564429223537445,0.7488631191191351,0.6527777777777777,0.9736186686747185,0.843863119119135
6,2022-06-28_11_20_39.kfb,6,0.45554695637137804,0.7707649579387711,0.7272135416666667,0.9725451791111358,0.8657649579387711
6,2022-06-28_11_20_39.kfb,7,0.45097864226058676,0.7680270926460443,0.694552951388889,0.9741875140645204,0.8630270926460443
6,2022-06-28_11_20_39.kfb,8,0.4477751001163765,0.7710712009749697,0.7502885546003069,0.9737515062022831,0.8660712009749697
6,2022-06-28_11_20_39.kfb,9,0.44624612507996736,0.7624828888248946,0.7225477430555556,0.9704286656885645,0.8574828888248945
6,2022-06-28_11_20_39.kfb,10,0.44559999527754607,0.7602451772953572,0.6763237847222223,0.9715207940830876,0.8552451772953572
6,2022-06-28_11_20_39.kfb,11,0.4439230770976455,0.7589301317709745,0.6873914930555556,0.9712329568515572,0.8539301317709744
6,2022-06-28_11_20_39.kfb,12,0.44074959004366837,0.7570865642635985,0.6459418402777778,0.9727672507550039,0.8520865642635985
6,2022-06-28_11_20_39.kfb,13,0.4405364449377413,0.7549890286352422,0.6748046875,0.971774538605691,0.8499890286352422
6,2022-06-28_11_20_39.kfb,14,0.4371115024443026,0.7525427251866897,0.658962673611111,0.9736063741857891,0.8475427251866897
6,2022-06-28_11_20_39.kfb,15,0.43506083885828656,0.7511156720782276,0.6742621527777777,0.9701310305668885,0.8461156720782276
6,2022-06-28_11_20_39.kfb,16,0.4346920847892761,0.7580048736181441,0.6705729166666666,0.9709185197087438,0.853004873618144
